lemma,cat,def,etym,étymologie étendue,déclinaison,fam,proc,aff,rad,etym_mean,lang,base,etym_fam
kérosène,Nom commun,"[""Mélange d’hydrocarbures produit par raffinage, qui fut longtemps utilisé comme liquide d’éclairage et sert de nos jours surtout comme carburant pour les avions et comme additif dans l'essence d'automobile.""]","['Appelé d’abord kérosine en 1862, puis kérosène à partir de 1865 ; emprunté à l’anglais kerosene, lui-même dérivé du grec κηρός kêros, « cire » avec le suffixe anglais -ene (français -ène).']",[],[],"['kérogène', 'naphte', 'pétrole', 'huile', 'essence', 'gazole', 'cirage', 'cire', 'cirer', 'cireur', 'cireuse', 'cireux', 'cirier', 'cirière', 'ciré', 'céréan', 'kérosène']",['Suffixation'],['-ène'],kêros,"[['kêros', 'cire'], ['anglais', 'kerosene']]",grec,cire,"['kérogène', 'naphte', 'pétrole', 'huile', 'essence', 'gazole', 'cirage', 'cire', 'cirer', 'cireur', 'cireuse', 'cireux', 'cirier', 'cirière', 'ciré', 'céréan']"
patibulaire,Adjectif,"['Qui concerne le gibet, qui est destiné à servir de gibet.']","['Adjectif construit sur le substantif latin patibulum (« croix », « potence », « perche »).']",[],[],"['inquiétant', 'sinistre', 'gibet', 'patibulaire']",['Suffixe'],['patibulum'],patibulaire,"[['patibulum', 'croix'], ['', '']]",latin,patibulaire,"['inquiétant', 'sinistre', 'gibet']"
lactique,Adjectif,['Qui provient du lait.'],"['Du latin lac, lactis (« lait ») avec le suffixe -ique.']","[[""Apparent√© au grec ancien Œ≥Œ¨ŒªŒ±, g√°la, Œ≥Œ¨ŒªŒ±Œ∫œÑŒøœÇ, g√°laktos (¬´ lait ¬ª), √† l'arm√©nien ancien ’Ø’°’©’∂, kat\xa0ªn (¬´ lait ¬ª) via son variant *’Ø’°’≤÷Å (*ka≈Çc\xa0ª), √† l'hittite \uf8ffíÇµ\uf8ffíÜ∑\uf8ffíÄù\uf8ffíãª, galaktar (¬´ baume, r√©sine ¬ª), √† l'albanais dhall√´ (¬´ beurre ¬ª), le nominatif archa√Øque‚ÄØ^([1]) est lacte. Le mot est parfois masculin : habere lactem venui : avoir du lait √† vendre ‚Äî (Apul√©e. M. 8, 19). Le suc de certaines plantes √©tait assimil√© au lait, de l√† lactuca (¬´ laitue ¬ª). Le grec Œ≥Œ¨ŒªŒ±Œ∫œÑŒøœÇ est probablement pour *glaktos, et la forme primitive √©tait *glak- plut√¥t que *glakt-, vu le d√©riv√© latin dƒìlicus (¬´ sevr√© ¬ª) qui est pour *dƒì-lak-os ou la forme hom√©rique Œ≥ŒªŒ¨Œ≥ŒøœÇ, gl√°gos.""], 'Lait.']","[{'form': 'lacta', 'tags': ['plural', 'nominative']}, {'form': 'lacta', 'tags': ['plural', 'vocative']}, {'form': 'lacta', 'tags': ['plural', 'accusative']}, {'form': 'lactis', 'tags': ['singular', 'genitive']}, {'form': 'lactum', 'tags': ['plural', 'genitive']}, {'form': 'lactƒ´', 'tags': ['singular', 'dative']}, {'form': 'lactibus', 'tags': ['plural', 'dative']}, {'form': 'lactƒï', 'tags': ['singular', 'ablative']}, {'form': 'lactibus', 'tags': ['plural', 'ablative']}]","['alactique', 'lactiquement', 'paralactique', 'lacticémie', 'nancéique', 'zymique', 'zumique', 'lactique']",['Suffixation'],"['lac', 'gl-']",lact-,"[['lac', 'lait'], ['Œ≥Œ¨ŒªŒ±', 'beurre'], ['kat\\xa0ªn', 'lait'], ['galaktar', 'baume, r√©sine'], ['glaktos', 'lait'], ['dƒìlicus', 'sevr√©']]",latin,lact-,"['alactique', 'lactiquement', 'paralactique', 'lacticémie', 'nancéique', 'zymique', 'zumique']"
lait,Nom commun,"['Liquide produit par les glandes mammaires des femelles de mammifères pendant la période de lactation qui suit la parturition, et destiné à nourrir les bébés lors de l’allaitement.']","['Du latin lac, lactis (« lait »).']","[[""Apparent√© au grec ancien Œ≥Œ¨ŒªŒ±, g√°la, Œ≥Œ¨ŒªŒ±Œ∫œÑŒøœÇ, g√°laktos (¬´ lait ¬ª), √† l'arm√©nien ancien ’Ø’°’©’∂, kat\xa0ªn (¬´ lait ¬ª) via son variant *’Ø’°’≤÷Å (*ka≈Çc\xa0ª), √† l'hittite \uf8ffíÇµ\uf8ffíÜ∑\uf8ffíÄù\uf8ffíãª, galaktar (¬´ baume, r√©sine ¬ª), √† l'albanais dhall√´ (¬´ beurre ¬ª), le nominatif archa√Øque‚ÄØ^([1]) est lacte. Le mot est parfois masculin : habere lactem venui : avoir du lait √† vendre ‚Äî (Apul√©e. M. 8, 19). Le suc de certaines plantes √©tait assimil√© au lait, de l√† lactuca (¬´ laitue ¬ª). Le grec Œ≥Œ¨ŒªŒ±Œ∫œÑŒøœÇ est probablement pour *glaktos, et la forme primitive √©tait *glak- plut√¥t que *glakt-, vu le d√©riv√© latin dƒìlicus (¬´ sevr√© ¬ª) qui est pour *dƒì-lak-os ou la forme hom√©rique Œ≥ŒªŒ¨Œ≥ŒøœÇ, gl√°gos.""], 'Lait.']","[{'form': 'lacta', 'tags': ['plural', 'nominative']}, {'form': 'lacta', 'tags': ['plural', 'vocative']}, {'form': 'lacta', 'tags': ['plural', 'accusative']}, {'form': 'lactis', 'tags': ['singular', 'genitive']}, {'form': 'lactum', 'tags': ['plural', 'genitive']}, {'form': 'lactƒ´', 'tags': ['singular', 'dative']}, {'form': 'lactibus', 'tags': ['plural', 'dative']}, {'form': 'lactƒï', 'tags': ['singular', 'ablative']}, {'form': 'lactibus', 'tags': ['plural', 'ablative']}]","['allaiter', 'allaitement', 'lachère', 'laitage', 'laitance', 'laiterie', 'laiteux', 'laitier', 'laitière', 'albumen', 'latex', 'laitue', 'délaitage', 'délaitement', 'délaiter', 'délaiteuse', 'galactite', 'lactaire', 'lacté', 'lait']",[],['latin'],lac,"[['latin', 'lac', 'Liquide produit par les glandes mammaires des femelles de mammifères pendant la période de lactation qui suit la parturition, et destiné à nourrir les bébés lors de l’allaitement.'], ['grec ancien', 'Œ≥Œ¨ŒªŒ±', '¬´ lait ¬ª'], ['arménien ancien', ""'Ø’°’©’∂"", '¬´ lait ¬ª'], ['hittite', '\\uf8ffíÇµ\\uf8ffíÜ∑\\uf8ffíÄù\\uf8ffíãª', '¬´ baume, r√©sine ¬ª'], ['albanais', 'dhall√´', '¬´ beurre ¬ª']]",latin,lait,"['allaiter', 'allaitement', 'lachère', 'laitage', 'laitance', 'laiterie', 'laiteux', 'laitier', 'laitière', 'albumen', 'latex', 'laitue', 'délaitage', 'délaitement', 'délaiter', 'délaiteuse', 'galactite', 'lactaire', 'lacté', 'lait']"
pain,Nom commun,"['Pâte cuite au four, à base de farine, d’eau et de levure de boulanger ou de levain.']","['Du moyen français pain, de l’ancien français pain, pan, du latin panem, accusatif singulier de panis (« pain »). Le pain désigne dès l’origine le résultat de la cuisson de la matière panifiable, c’est-à-dire une pâte levée à base de farine et de levain. Aussi dès le XIIᵉ siècle, il existe une grande diversité de formes de pains, à savoir les boules, les boulots, les ficelles, les épis, les tourons, les bâtards, les fougasses, les saucisses ou saucissons, les baguettes, etc.', 'Le sens (9), de personne que l’on désire, pourrait avoir transité par le nouchi où le mot « pain » désigne une personne craquante, donc un joli garçon où une jolie fille.']",['Accusatif singulier de panis.'],[],"['carnipain', 'copain', 'croustipain', 'saucipain', 'brignolet', 'companage', 'panaire', 'panasserie', 'pané', 'paner', 'panetière', 'panière', 'paneton', 'panivore', 'panure', 'grigne', 'baguette', 'bannette', 'déjeunette', 'ficelle', 'flute', 'flûte', 'dépannage', 'dépanner', 'dépannette', 'dépanneur', 'dépanneuse', 'empannage', 'empanner', 'khobisme', 'pain', 'panage', 'panetier', 'panette', 'panier', 'paniette', 'panifiable', 'panificateur', 'panification', 'panifier', 'panne', 'pannelette', 'pannette', 'panné']",[],['pan-'],pain,"[['panis', 'pain'], ['panem', 'pain']]",latin,pain,"['carnipain', 'copain', 'croustipain', 'saucipain', 'brignolet', 'companage', 'panaire', 'panasserie', 'pané', 'paner', 'panetière', 'panière', 'paneton', 'panivore', 'panure', 'grigne', 'baguette', 'bannette', 'déjeunette', 'ficelle', 'flute', 'flûte', 'dépannage', 'dépanner', 'dépannette', 'dépanneur', 'dépanneuse', 'empannage', 'empanner', 'khobisme', 'panage', 'panetier', 'panette', 'panier', 'paniette', 'panifiable', 'panificateur', 'panification', 'panifier', 'panne', 'pannelette', 'pannette', 'panné']"
bois,Nom commun,['Substance dure et fibreuse des arbres.'],"['Du moyen français bois, de l’ancien français bois, du bas latin boscus, du vieux-francique *busk, du proto-germanique occidental *busk, du proto-germanique *buskaz.', 'Apparenté à l’occitano-roman bosc/bòsc (« bois, forêt »), à l’espagnol bosque (« bois, forêt »), à l’italien bosco (« bois, forêt »), à l’allemand Busch (« buisson »), au néerlandais bos (« bois, forêt ») et à l’anglais bush (« buisson »).']",[],[],"['antebois', 'antébois', 'antibois', 'becquebois', 'boisage', 'boisé', 'boisement', 'boiser', 'boiserie', 'boisette', 'boiseur', 'boiseux', 'boisilleur', 'déboisé', 'déboisement', 'déboiser', 'déboiseuse', 'emboiser', 'étibois', 'hautbois', 'reboisement', 'reboiser', 'reboiseur', 'sainbois', 'xylographie', 'bois', 'boise', 'boisilier', 'boitte', 'bosquet', 'bouc', 'bouchable', 'bouchage', 'bouche', 'bouchelette', 'bouchement', 'boucher', 'bouchette', 'boucheur', 'boucheuse', 'bouchère', 'bouché', 'boue', 'bouette', 'boueur', 'boueux', 'bouquet', 'bouqueter', 'bouquetier', 'bouqueté', 'bouvet', 'bouvetage', 'bouveter', 'bouveteur', 'bouveteuse', 'bouvier', 'bouvière', 'bovin', 'bovinité', 'boyer', 'boëtte', 'bœuf', 'déboisage', 'déboiseur', 'débouchage', 'débouchement', 'déboucher', 'déboucheur', 'débouchonner', 'débouché', 'délignification', 'délignifier', 'embouage', 'embouchage', 'embouche', 'emboucher', 'emboucheur', 'embouché', 'embouement', 'embouer', 'imbouchable', 'ligneux', 'lignite', 'ligniteux', 'monoxyle', 'reboisage', 'rebouchage', 'rebouchement', 'reboucher', 'stomatite', 'xylite', 'xylène']",[],['*'],bois,"[['bosk', 'substance dure et fibreuse des arbres'], ['busk', 'substance dure et fibreuse des arbres'], ['bosc', 'bois, forêt'], ['bosque', 'bois, forêt'], ['bosco', 'bois, forêt'], ['busch', 'buisson'], ['bosquet', 'bois, forêt'], ['bouquet', 'bouquet'], ['bouquetier', 'bouquetier'], ['bois', 'Substance dure et fibreuse des arbres'], ['boise', 'bois'], ['boisilier', 'boisilier'], ['boitte', 'boîte'], ['bouchette', 'bouche'], ['bouche', 'bouche'], ['bouchelette', 'bouche'], ['bouchement', 'bouchage'], ['bouchage', 'bouchage'], ['bouche', 'bouche'], ['bouchette', 'bouche'], ['boucheur', 'boucheur'], ['boucheuse', 'boucheuse'], ['bouchère', 'bouchère'], ['bouché', 'bouché'], ['boue', 'boue'], ['bouette', 'bouette'], ['boueur', 'boueur'], ['boueux', 'boueux'], ['bouquet', 'bouquet'], ['bouqueter', 'bouquetier'], ['bouquetier', 'bouquetier'], ['bouqueté', 'bouqueté'], ['bouvet', 'bouvet'], ['bouvetage', 'bouvetage'], ['bouveter', 'bouveter'], ['bouveteur', 'bouveteur'], ['bouveteuse', 'bouveteuse'], ['bouvier', 'bouvier'], ['bouvière', 'bouvière'], ['bovin', 'bovin'], ['bovinité', 'bovinité'], ['boyer', 'boyer'], ['boëtte', 'boëtte'], ['bœuf', 'bœuf'], ['déboisage', 'déboisage'], ['déboiseur', 'déboiseur'], ['débouchage', 'débouchage'], ['débouchement', 'débouchement'], ['déboucher', 'déboucher'], ['déboucheur', 'déboucheur'], ['débouchonner', 'déboucher'], ['débouché', 'débouché'], ['délignification', 'délignification'], ['délignifier', 'délignifier'], ['embouage', 'embouage'], ['embouchage', 'embouchage'], ['embouche', 'embouche'], ['emboucher', 'emboucher'], ['emboucheur', 'emboucheur'], ['embouché', 'embouché'], ['embouement', 'embouement'], ['embouer', 'embouer'], ['imbouchable', 'imbouchable'], ['ligneux', 'ligneux'], ['lignite', 'lignite'], ['ligniteux', 'ligniteux'], ['monoxyle', 'monoxyle'], ['reboisage', 'reboisage'], ['rebouchage', 'rebouchage'], ['rebouchement', 'rebouchement'], ['reboucher', 'reboucher'], ['stomatite', 'stomatite'], ['xylite', 'xylite'], ['xylène', 'xylène']]",proto-germanique,bois,"['antebois', 'antébois', 'antibois', 'becquebois', 'boisage', 'boisé', 'boisement', 'boiser', 'boiserie', 'boisette', 'boiseur', 'boiseux', 'boisilleur', 'déboisé', 'déboisement', 'déboiser', 'déboiseuse', 'emboiser', 'étibois', 'hautbois', 'reboisement', 'reboiser', 'reboiseur', 'sainbois', 'xylographie']"
an,Nom commun,['Temps que met la Terre à accomplir une révolution autour du Soleil et qui se divise en douze mois. Année (voir Notes plus bas).'],"['Du latin annus (« cercle, an, âge, récolte de l’année »).']","[['Le Dictionnaire étymologique latin explique :', ""Annus est pour *am-nus (on retrouve le groupe /mn/ dans sollemnis) et signifiait d’abord « cercle » comme l’atteste Varron : magni dicebantur circites anni, unde annus (« les grands cercles s'appelaient anni, d'où année »). Ce sens est attesté par le diminutif annulus et par l’osque où amnud est un adverbe signifiant « circum, circa ». Un composé du même genre que sollemnis est perennis (« qui dure toute l'année », « perpétuel »). Annona, est un nom construit comme Bellona, Pomona, elle a été une divinité présidant aux récoltes de l’année et comparable aux pénates. Par antonomase, le mot a ensuite signifié « approvisionnement »."", 'Julius Pokorny, le fait dériver de l’indo-européen commun *at (« aller, année »)\u202f^([1]), dérivé de la racine indo-européenne qui donne eo (« aller ») → voir itum son supin - soit une construction at-men-us qui permet un élégant rapprochement, toujours via les profondes racines indo-européennes de ce verbe « aller » irrégulier, avec l’allemand Jahr, l’anglais year (en gothique : *je:ram), le tchèque jaro.', 'Le sens initial aurait donc pu être « voyage (des astres dans le ciel) », d’où « grand cercle (décrit par les astres dans le ciel) », puis « année ».'], 'Cercle, révolution circulaire.']","[{'form': 'annī', 'tags': ['plural', 'nominative']}, {'form': 'anne', 'tags': ['singular', 'vocative']}, {'form': 'annī', 'tags': ['plural', 'vocative']}, {'form': 'annum', 'tags': ['singular', 'accusative']}, {'form': 'annōs', 'tags': ['plural', 'accusative']}, {'form': 'annī', 'tags': ['singular', 'genitive']}, {'form': 'annōrum', 'tags': ['plural', 'genitive']}, {'form': 'annō', 'tags': ['singular', 'dative']}, {'form': 'annīs', 'tags': ['plural', 'dative']}, {'form': 'annō', 'tags': ['singular', 'ablative']}, {'form': 'annīs', 'tags': ['plural', 'ablative']}]","['année', 'lustre', 'olympiade', 'siècle', 'annal', 'annalité', 'annuaire', 'annualité', 'annuel', 'décennaire', 'pluriannuel', 'quadriennal', 'quartanier', 'quartannier', 'semi-annuel', 'septennalisme', 'triennal', 'trisannuel', 'an']",['at-men-us'],"['am-', 'ann-']",annus,"[['am-', 'cercle'], ['annus', 'an'], ['perennis', 'perpetuel'], ['Jahr', 'année'], ['year', 'année'], ['je:ram', 'année'], ['jaro', 'année']]",latin,annus,"['année', 'lustre', 'olympiade', 'siècle', 'annal', 'annalité', 'annuaire', 'annualité', 'annuel', 'décennaire', 'pluriannuel', 'quadriennal', 'quartanier', 'quartannier', 'semi-annuel', 'septennalisme', 'triennal', 'trisannuel', 'an']"
strabisme,Nom commun,"['Disposition anormale des yeux, qui ne leur permet pas d’être dirigés en même temps sur le même objet.']","['Du grec ancien στραβισμός, strabismos, issu de στραβίζω, strabizô (« loucher »), de στραβός, strabos (« qui louche »).']","[['De στραβίζω, strabizô (« loucher »), de στραβός, strabos (« tordu\u202f», «\u202fqui louche »).'], 'Action de loucher, strabisme.']",[],"['strabique', 'biglouche', 'louchement', 'loucherie', 'strabotomie', 'strabotomiste', 'orthopie', 'louche', 'loucher', 'louchet', 'louchette', 'loucheur', 'loucheuse', 'strabisme']",[],['strab-'],,"[['strab-', 'loucher'], ['strab-', 'qui louche']]",grec,strab-,"['strabique', 'biglouche', 'louchement', 'loucherie', 'strabotomie', 'strabotomiste', 'orthopie', 'louche', 'loucher', 'louchet', 'louchette', 'loucheur', 'loucheuse']"
nord,Nom commun,"[""Celui des quatre points cardinaux opposé au sud et qui correspond à la direction de l’étoile polaire ; direction du pôle de l'hémisphère boréal et correspondant à l'azimut 360°.""]","['Du vieil anglais norþ, lui-même issu du proto-germanique *nurtha de *ner (gauche [au lever du soleil]).', 'Note : Employé d’abord en Normandie d’où il est progressivement passé dans l’usage des autres régions.']",[],[],"['Noratlas', 'nordique', 'nordir', 'nordiste', 'septentrion', 'sud', 'nord', 'nordet', 'nordette', 'nordicisme', 'nordiciste', 'nordicité', 'nordien', 'nordisme', 'norditude', 'nordé', 'norrois', 'Nord', 'Nordien', 'Nordiste', 'Notre-Dame-du-Lac-Saint-Jean-Partie-Nord']",[],['*'],nor,"[['vieil anglais', 'celui des quatre points cardinaux opposé au sud'], ['proto-germanique', 'gauche [au lever du soleil]']]",vieil anglais,nor,"['Noratlas', 'nordique', 'nordir', 'nordiste', 'septentrion', 'sud', 'nord', 'nordet', 'nordette', 'nordicisme', 'nordiciste', 'nordicité', 'nordien', 'nordisme', 'norditude', 'nordé', 'norrois', 'Nord', 'Nordien', 'Nordiste', 'Notre-Dame-du-Lac-Saint-Jean-Partie-Nord']"
lire,Verbe,['Interpréter des informations écrites sous forme de mots ou de dessins sur un support.'],"['Du latin lĕgĕre (« id. »), proprement «\u202frecueillir\u202f»']",['Infinitif de lego.'],[],"['délire', 'entrelire', 'lisage', 'liseur', 'liseuse', 'relire', 'illisibilité', 'illisible', 'inlisible', 'inéligibilité', 'inéligible', 'lecteur', 'lecteurat', 'lectoral', 'lectorat', 'lectorial', 'lectoriat', 'lectoriel', 'lectrice', 'lectural', 'lecture', 'lecturette', 'lecturier', 'lion', 'lionnette', 'lire', 'lisant', 'lisette', 'lisibilité', 'lisible', 'lu', 'relecture', 'relu', 'réélecter', 'réélection', 'rééligibilité', 'rééligible', 'réélire', 'réélu', 'électerat', 'électeur', 'électeurat', 'électif', 'élection', 'électivité', 'électoral', 'électoralisme', 'électoraliste', 'électoralitude', 'électorat', 'électrice', 'élider', 'éligibilité', 'éligible', 'élire', 'élision', 'élitaire', 'élite', 'élitique', 'élitisme', 'élitiste', 'élu', 'Lion', 'Lionnette']",[],['lego'],,[],latin,lègere,"['délire', 'entrelire', 'lisage', 'liseur', 'liseuse', 'relire', 'illisibilité', 'illisible', 'inlisible', 'inéligibilité', 'inéligible', 'lecteur', 'lecteurat', 'lectoral', 'lectorat', 'lectorial', 'lectoriat', 'lectoriel', 'lectrice', 'lectural', 'lecture', 'lecturette', 'lecturier', 'lion', 'lionnette', 'lire', 'lisant', 'lisette', 'lisibilité', 'lisible', 'lu', 'relecture', 'relu', 'réélecter', 'réélection', 'rééligibilité', 'rééligible', 'réélire', 'réélu', 'électerat', 'électeur', 'électeurat', 'électif', 'élection', 'électivité', 'électoral', 'électoralisme', 'électoraliste', 'électoralitude', 'électorat', 'électrice', 'élider', 'éligibilité', 'éligible', 'élire', 'élision', 'élitaire', 'élite', 'élitique', 'élitisme', 'élitiste', 'élu', 'Lion', 'Lionnette']"
ordre,Nom commun,"['Arrangement raisonné et logique, disposition régulière des choses les unes par rapport aux autres.']","['Du latin ordo (« rang, rangée ; classe de citoyens, succession ; distribution régulière ») avec un \\r\\ épenthétique. Le sens d’« ordre religieux » fut premier. Le sens d’« arrangement logique » apparaît en 1155.']","[['Le Dictionnaire étymologique latin\u202f^([1]) explique : « ordo est proprement la rangée, ordine « en rang, par série ». Les autre sens sont tous déduits de l’idée de rang : ordinare « mettre en rang », « arranger, mettre en état ».', 'De l’indo-européen commun *ar- (« arranger »)\u202f^([1]), qui donne řád (« ordre, rang ») en tchèque ; proprement un dérivé avec le crément \\d\\ du même radical qui donne reor, ar-ma, ar-tus, etc.'], 'Ordre, disposition, arrangement, règle, régularité.']","[{'form': 'ordinēs', 'tags': ['plural', 'nominative']}, {'form': 'ordinēs', 'tags': ['plural', 'vocative']}, {'form': 'ordinem', 'tags': ['singular', 'accusative']}, {'form': 'ordinēs', 'tags': ['plural', 'accusative']}, {'form': 'ordinis', 'tags': ['singular', 'genitive']}, {'form': 'ordinum', 'tags': ['plural', 'genitive']}, {'form': 'ordinī', 'tags': ['singular', 'dative']}, {'form': 'ordinibus', 'tags': ['plural', 'dative']}, {'form': 'ordinĕ', 'tags': ['singular', 'ablative']}, {'form': 'ordinibus', 'tags': ['plural', 'ablative']}]","['infraordre', 'superordre', 'agencement', 'classement', 'hiérarchie', 'ordonnancement', 'distribution', 'commandement', 'demande', 'ordination', 'coordinateur', 'coordinatif', 'coordination', 'coordinatrice', 'coordonnance', 'coordonnateur', 'coordonner', 'coordonné', 'désordonnance', 'désordonnement', 'désordonner', 'désordonnerie', 'désordonné', 'incoordonné', 'insubordonné', 'ordinaire', 'ordinal', 'ordinateur', 'ordinatif', 'ordonnable', 'ordonnance', 'ordonnancer', 'ordonnanciel', 'ordonnancier', 'ordonnateur', 'ordonnatrice', 'ordonnement', 'ordonner', 'ordonné', 'ordre', 'réordination', 'réordiner', 'réordonnement', 'réordonner', 'subordination', 'subordonner', 'subordonné']",[],['or-'],ord-,"[['ordo', 'rangée, ordine (« en rang, par série »)'], ['ar-', 'arranger']]",latin,ordre,"['ordinaire', 'ordinal', 'ordinateur', 'ordinatif', 'ordonnable', 'ordonnance', 'ordonner', 'ordonnancier', 'ordonneur', 'ordonnatrice', 'ordonnement', 'ordonné', 'réordination', 'réordiner', 'réordonnement', 'réordonner', 'subordination', 'subordonner', 'subordonné']"
humain,Adjectif,['Relatif à l’espèce humaine.'],"['Du latin humanus,dérivé de homo (« homme »), avec le suffixe -anus.Dérivé de humus (« terre »), avec le suffixe -o, -onis, -inis, littéralement « terrien »']","[['Faisait archaïquement hemonus,dérivé de homo (« homme »), avec le suffixe -anus.'], ['Faisait archaïquement hemonus,dérivé de homo (« homme »), avec le suffixe -anus.'], ['Dérivé de humus (« terre »), avec le suffixe -o, -onis, -inis, littéralement « terrien » ; apparenté au lituanien žmogus (« homme »), au vieil anglais guma, au tchèque zeman (« propriétaire terrien »).', 'Faisait archaïquement hĕmo (voir benus pour un développement similaire) ; de là nemo (« personne »), le radical humus se retrouve dans son dérivé humanus. La variante avec une voyelle courte finale est un exemple d’abrègement iambique (brevis brevians).'], ['On a rapproché ce mot du sanscrit भूमि, bhūmī (« terre ») mais il ne peut y être assimilé car \\u\\ est long dans bhūmī et bref dans humus.', ""De l’indo-européen commun *dʰéǵʰōm dont descendent le sanscrit क्ष, kṣa, l'albanais dheu, le grec ancien χθών, khthōn (« sol, terre »), χαμαί, khamaí (« à terre »), le slavon зємлıa, zemlia (« terre »)."", 'Lui est apparenté homō (« être humain », « terrien ») ; comparez, en lituanien, žmuo (« homme ») et žemė (« terre »).'], 'Sol, terre.']","[{'form': 'hume', 'tags': ['singular', 'vocative']}, {'form': 'humum', 'tags': ['singular', 'accusative']}, {'form': 'humī', 'tags': ['singular', 'genitive']}, {'form': 'humō', 'tags': ['singular', 'dative']}, {'form': 'humō', 'tags': ['singular', 'ablative']}, {'form': 'humī', 'tags': ['singular', 'locative']}]","['humainement', 'humaniser', 'humanisme', 'humanités', 'humanure', 'inhumain', 'interhumain', 'suprahumain', 'surhumain', 'transhumanisme', 'transhumaniste', 'anthropien', 'anti-humaniste', 'anti-humanisterie', 'antihumanisme', 'antihumaniste', 'démasculinisation', 'démasculiniser', 'déshumanisant', 'déshumanisation', 'déshumaniser', 'dévirilisation', 'déviriliser', 'hominien', 'hominisation', 'hominiser', 'hominisme', 'hoministe', 'hommasse', 'hommassité', 'homme', 'hommelet', 'hommelette', 'hommette', 'humain', 'humainerie', 'humane', 'humanisable', 'humanisation', 'humaniste', 'humanisterie', 'humanistique', 'humanitaire', 'humanitairerie', 'humanitarisme', 'humanitariste', 'humanitisme', 'humanité', 'hypoandrisme', 'inhominalisme', 'inhumanité', 'masculin', 'masculinisation', 'masculiniser', 'masculinisme', 'masculiniste', 'masculinité', 'masculisme', 'viril', 'virilerie', 'virilisation', 'viriliser', 'virilisme', 'virilité', 'Homme', 'être humain']",['Suffixation'],"['-anus', '-o', '-onis', '-inis']",humus,"[['humus', 'terre'], ['homo', 'homme'], ['développement similaire', None], ['bhūmī', 'terre'], ['dʰéǵʰōm', None], ['zěmłia', 'terre'], ['žmuo', 'homme'], ['žemė', 'terre']]",latin,humus,"['humain', 'homme', 'hommelet', 'hommelette', 'hommette', 'humaine', 'humaine', 'humain', 'humainerie', 'humane', 'humanisable', 'humanisation', 'humaniste', 'humanisterie', 'humanistique', 'humanitaire', 'humanitairerie', 'humanitarisme', 'humanitariste', 'humanitisme', 'humanité', 'hommasse', 'hommassité', 'viril', 'virilerie', 'virilisation', 'viriliser', 'virilisme', 'virilité', 'Homme', 'être humain']"
marmoréen,Adjectif,['Qui a la nature ou l’apparence du marbre.'],['Du latin marmoreus (« de marbre »).'],"[['Dérivé de marmor (« marbre »), avec le suffixe -eus.'], [""Du grec ancien μάρμαρος, mármaros, d'un radical de l’indo-européen commun *mer- (« casser, briser, voler ») qui donne, en latin mortārium (« mortier »), mŏrētum (« ragoût [morceaux mélangés] »), morbus (« malade »), mordeo (« mordre »), etc."", 'Le verbe grec ancien μαραίνω maraínô (« casser, détruire »), dont un dérivé nous a donné marasme donne μάρμαρος mármaros (« pierre [en général] », puis « pierre de taille, marbre ») comme rumpō (« rompre ») donne rūpēs (« pierre »).'], ['Étymologie discutée :', 'De μαραίνω, maraínô (« casser, détruire ») comme rumpō (« rompre ») donne rūpēs (« pierre ») ; le sens propre serait alors « pierre taillée, pierre de taille ».', 'De μαρμαίρω, marmairō (« briller ») apparenté au latin merus (« brillant, pur ») ; le sens propre serait alors « pierre polie, pierre brillante ».'], ['Étymologie discutée :', 'De μαραίνω, maraínô (« casser, détruire ») comme rumpō (« rompre ») donne rūpēs (« pierre ») ; le sens propre serait alors « pierre taillée, pierre de taille ».', 'De μαρμαίρω, marmairō (« briller ») apparenté au latin merus (« brillant, pur ») ; le sens propre serait alors « pierre polie, pierre brillante ».'], 'Brillant, taillé, de taille.']",[],"['marbrage', 'marbre', 'marbrer', 'marbreur', 'marbreuse', 'marbrier', 'marbrière', 'marbré', 'marmorisation', 'marmoriser', 'marmoréen']",['Suffixation'],"['-eus', 'marmor-', 'mer-']",marmor,"[['marmoreus', 'de marbre'], ['mármaros', 'pierre de taille, marbre'], ['maraínô', 'casser, détruire'], ['rumpō', 'rompre'], ['mōrētum', 'ragoût [morceaux mélangés]'], ['mōrētum', 'mortier'], ['mortārium', 'mortier'], ['morbus', 'malade'], ['mordeo', 'mordre'], ['marmaraís', 'briller'], ['merus', 'brillant, pur']]",latin,marmor,"['marbrage', 'marbre', 'marbrer', 'marbreur', 'marbreuse', 'marbrier', 'marbrière', 'marbré', 'marmorisation', 'marmoriser']"
vent,Nom commun,['Mouvement d’air extérieur et nettement perceptible suivant une direction déterminée.'],"['Du moyen français vent, de l’ancien français vent, du latin ventum, accusatif singulier de ventus.']",['Supin de venio.'],[],"['abrivent', 'contrevent', 'contreventement', 'contreventer', 'déventer', 'évent', 'éventable', 'éventage', 'éventail', 'éventaillé', 'éventaillerie', 'éventaillier', 'éventailliste', 'éventaire', 'éventement', 'éventer', 'éventeur', 'éventiller', 'éventoir', 'grilauvent', 'reventer', 'surventer', 'ventage', 'ventail', 'ventaille', 'ventaison', 'venté', 'venteau', 'ventelet', 'venter', 'venterolles', 'venteur', 'venteux', 'ventier', 'ventilateur', 'ventilation', 'ventiler', 'ventileuse', 'ventillon', 'ventôse', 'virevent', '🌬', 'anémomètre', 'girouette', 'houlée', 'pétomane', 'déventement', 'Eole', 'Eolie', 'vent', 'ventosité', 'Éolien', 'éolien', 'éolisme']",[],['ven-'],,"[['ventum', 'Mouvement d’air extérieur et nettement perceptible suivant une direction déterminée.'], ['ventus', 'Mouvement d’air extérieur et nettement perceptible suivant une direction déterminée.']]",latin,vent,"['abrivent', 'contrevent', 'contreventement', 'contreventer', 'déventer', 'évent', 'éventable', 'éventage', 'éventail', 'éventaillé', 'éventaillerie', 'éventaillier', 'éventailliste', 'éventaire', 'éventement', 'éventer', 'éventeur', 'éventiller', 'éventoir', 'grilauvent', 'reventer', 'surventer', 'ventage', 'ventail', 'ventaille', 'ventaison', 'venté', 'venteau', 'ventelet', 'venter', 'venterolles', 'venteur', 'venteux', 'ventier', 'ventilateur', 'ventilation', 'ventiler', 'ventileuse', 'ventillon', 'ventôse', 'virevent', '🌬', 'anémomètre', 'girouette', 'houlée', 'pétomane', 'déventement', 'Eole', 'Eolie', 'vent', 'ventosité', 'Éolien', 'éolien', 'éolisme']"
chthonien,Adjectif,"['Dans la mythologie grecque, relatif aux divinités infernales ou telluriques, c’est-à-dire souterraines, par opposition aux divinités ouraniennes ou éoliennes, c’est-à-dire célestes.']","['Du grec ancien χθόνιος, khthónios (« souterrain »), de χθών, khthṓn (« terre »).']","[['dérivé de χθών, khthṓn (« terre »), avec le suffixe -ιος, -ios.'], ['De l’indo-européen commun *dʰéǵʰōm dont descendent le sanskrit क्ष, kṣa, le latin humus (« terre, sol ») ou, via le proto-slave, le tchèque země (« terre »).'], 'Sol, terre.']","[{'form': 'χθόνες', 'tags': ['plural', 'nominative'], 'article': 'αἱ'}, {'form': 'χθόνε', 'tags': ['dual', 'nominative'], 'article': 'τὼ'}, {'form': 'χθόνες', 'tags': ['plural', 'vocative']}, {'form': 'χθόνε', 'tags': ['dual', 'vocative']}, {'form': 'χθόνα', 'tags': ['singular', 'accusative'], 'article': 'τὴν'}, {'form': 'χθόνας', 'tags': ['plural', 'accusative'], 'article': 'τὰς'}, {'form': 'χθόνε', 'tags': ['dual', 'accusative'], 'article': 'τὼ'}, {'form': 'χθονός', 'tags': ['singular', 'genitive'], 'article': 'τῆς'}, {'form': 'χθονῶν', 'tags': ['plural', 'genitive'], 'article': 'τῶν'}, {'form': 'χθονοῖν', 'tags': ['dual', 'genitive'], 'article': 'τοῖν'}, {'form': 'χθονί', 'tags': ['singular', 'dative'], 'article': 'τῇ'}, {'form': 'χθοσί(ν)', 'tags': ['plural', 'dative'], 'article': 'ταῖς'}, {'form': 'χθονοῖν', 'tags': ['dual', 'dative'], 'article': 'τοῖν'}]","['infernal', 'souterrain', 'tellurique', 'allochtone', 'autochtone', 'épichthonien', 'céleste', 'éolien', 'ouranien', 'chthonien', 'chtonien', 'déterrage', 'déterrement', 'déterrer', 'déterreur', 'déterré', 'tellure', 'tellureux', 'tellurien', 'tellurisme', 'tellurite', 'terrage', 'terrain', 'terrasse', 'terrassement', 'terrasser', 'terrassette', 'terrassier', 'terre', 'terrein', 'terrer', 'terrestre', 'terrestritude', 'terrestrité', 'terreux', 'terrien', 'terrier', 'terrir', 'terrière', 'Terre']",['Suffixe'],"['-ιος', 'dérivé de χθών']",χθών,"[['χθών', 'terre'], ['développement du proto-indo-européen *dʰéǵʰōm', 'sol, terre'], ['Sol, terre.', 'Sol, terre']]",grec ancien,khthṓn,"['infernal', 'souterrain', 'tellurique', 'allochtone', 'autochtone', 'épichthonien', 'céleste', 'éolien', 'ouranien', 'chthonien', 'chtonien', 'déterrage', 'déterrement', 'déterrer', 'déterreur', 'déterré', 'tellure', 'tellureux', 'tellurien', 'tellurisme', 'tellurite', 'terrage', 'terrain', 'terrasse', 'terrassement', 'terrasser', 'terrassette', 'terrassier', 'terre', 'terrein', 'terrer', 'terrestre', 'terrestritude', 'terrestrité', 'terreux', 'terrien', 'terrier', 'terrir', 'terrière', 'Terre']"
oiseau,Nom commun,"['Animal vertébré théropode, à deux pattes et deux ailes, ovipare, homéotherme, au corps couvert de plumes et qui possède un bec corné dépourvu de dents.']","['Du moyen français oiseau, oyseau, de l’ancien français oisel, du bas latin aucellus (« petit oiseau »), forme contractée de *avicellus, diminutif du latin avis (« oiseau »).']","[['Du radical indo-européen commun *au̯ei- (« oiseau [d’eau] »)\u202f^([1]), étroitement lié à celui de aqua d’où auca (« oie »), aquila (« aigle »), le grec ancien ἀετός, aetós (« aigle »), le breton houad (« canard »).', 'Le Dictionnaire étymologique latin\u202f^([2]) explique au sujet de ses dérivés :', 'La science des augures avait pris à Rome une si grande importance et avait tellement pénétré dans la vie de tous les jours, que nous trouvons le mot avis en tête d’un certain nombre de composés où on ne le soupçonnerait pas d’abord. Tels sont : au-cupari (« chercher, guetter », littéralement « guetter un présage »), au-tumare (« avérer », « affirmer »). Dans au-gurium, la seconde partie est formée d’un verbe *gurere, « éprouver » qui a donné le substantif gustus. En grec, le \\u\\ de avis est tombé et le mot s’est allongé de suffixes : οἰ-ωνός, oi-ônós (« oiseau »), αε-τός, ae-tós (« aigle »). De même, en français, avis se retrouve dans la diphtongue \\wa\\ de oiseau (= avi-cellus).'], 'Oiseau.']","[{'form': 'avēs', 'tags': ['plural', 'nominative']}, {'form': 'avēs', 'tags': ['plural', 'vocative']}, {'form': 'avĕm', 'tags': ['singular', 'accusative']}, {'form': 'avēs', 'tags': ['plural', 'accusative']}, {'form': 'avĭs', 'tags': ['singular', 'genitive']}, {'form': 'aviŭm', 'tags': ['plural', 'genitive']}, {'form': 'avī', 'tags': ['singular', 'dative']}, {'form': 'avĭbŭs', 'tags': ['plural', 'dative']}, {'form': 'avĕ', 'tags': ['singular', 'ablative']}, {'form': 'avĭbŭs', 'tags': ['plural', 'ablative']}, {'form': 'auis'}]","['antioiseau', 'oiseaulogue', 'oiselage', 'oiseler', 'oiselet', 'oiselier', 'oiselle', 'oisellerie', 'oisillon', 'zoiseau', 'moquoiseau', 'Loiseau', 'volatile', 'zèbre', 'zigoto', 'zoziau', 'zozio', 'zozyau', 'roitelet', 'papegai', 'auge', 'piaf', 'aviaire', 'couvée', 'nichée', 'aviarité', 'avien', 'oiseau', 'oiselette', 'oiseleur', 'oisellette', 'ornithien']",[],"['au-', 'avi-']",oiseau,"[['au', 'petit oiseau'], ['avis', 'oiseau'], ['aue', 'oiseau [d’eau]'], ['auca', 'oie'], ['aetos', 'aigle'], ['ouad', 'canard']]",latin,oiseau,"['antioiseau', 'oiseaulogue', 'oiselage', 'oiseler', 'oiselet', 'oiselier', 'oiselle', 'oisellerie', 'oisillon', 'zoiseau', 'moquoiseau', 'Loiseau', 'volatile', 'zèbre', 'zigoto', 'zoziau', 'zozio', 'zozyau', 'roitelet', 'papegai', 'auge', 'piaf', 'aviaire', 'couvée', 'nichée', 'aviarité', 'avien', 'oiseau', 'oiselette', 'oiseleur', 'oisellette', 'ornithien']"
pierre,Nom commun,"['Roche solide et plus ou moins dure, qui constitue une masse compacte dans le sol ou qui affleure à la surface.']","['Du moyen français pierre, de l’ancien français pierre (1100), peddre, pedra, du latin pĕtra (« roche, rocher »), du grec ancien πέτρα, pétra, qui a supplanté lapis en latin populaire.']","[['Du grec ancien πέτρα, pétra, qui a supplanté lapis en latin populaire.'], [""De l'indo-européen *per-trā‑, passage.""], 'Pierre, roche.']","[{'form': 'πετραι', 'tags': ['plural', 'nominative'], 'article': 'αἱ'}, {'form': 'πετραι', 'tags': ['plural', 'vocative']}, {'form': 'πέτραν', 'tags': ['singular', 'accusative'], 'article': 'τὴν'}, {'form': 'πέτρας', 'tags': ['plural', 'accusative'], 'article': 'τὰς'}, {'form': 'πέτρας', 'tags': ['singular', 'genitive'], 'article': 'τῆς'}, {'form': '{{{4}}}ῶν', 'tags': ['plural', 'genitive'], 'article': 'τῶν'}, {'form': 'πέτραιν', 'tags': ['dual', 'genitive'], 'article': 'τοῖν'}, {'form': 'πέτρᾳ', 'tags': ['singular', 'dative'], 'article': 'τῇ'}, {'form': 'πέτραις', 'tags': ['plural', 'dative'], 'article': 'ταῖς'}, {'form': 'πέτραιν', 'tags': ['dual', 'dative'], 'article': 'τοῖν'}, {'form': 'πέτρη', 'raw_tags': ['Grec homérique, ionien']}, {'form': 'πέτρος'}]","['dépierrer', 'désempierrer', 'empierré', 'empierrer', 'épierrer', 'perron', 'pierrade', 'pierraille', 'Pierre', 'pierrer', 'pierreries', 'pierrette', 'pierreuse', 'pierreux', 'pierrier', 'perrière', 'pierriste', 'pierrot', 'pierrure', 'réempierrer', 'aimant', 'coquillier', 'épaufrer', 'épaufrure', 'gélif', 'glyptothèque', 'jade', 'dépierrage', 'empierrage', 'empierrement', 'lapidaire', 'lapidarité', 'lapidateur', 'lapidation', 'lapider', 'monolithe', 'monolithique', 'monolithisme', 'perrier', 'pierre', 'pierrière', 'pétré']",[],"['per-', 'trā-']",pétra,"[['grec ancien', 'roche, rocher'], ['indo-européen', 'passage.']]",grec,pierre,"['dépierrer', 'désempierrer', 'empierré', 'empierrer', 'épierrer', 'perron', 'pierrade', 'pierraille', 'Pierre', 'pierrer', 'pierreries', 'pierrette', 'pierreuse', 'pierreux', 'pierrier', 'perrière', 'pierriste', 'pierrot', 'pierrure', 'réempierrer', 'aimant', 'coquillier', 'épaufrer', 'épaufrure', 'gélif', 'glyptothèque', 'jade', 'dépierrage', 'empierrage', 'empierrement', 'lapidaire', 'lapidarité', 'lapidateur', 'lapidation', 'lapider', 'monolithe', 'monolithique', 'monolithisme', 'perrier', 'pierre', 'pierrière', 'pétré']"
rupestre,Adjectif,['Qui a rapport aux rochers.'],"['Du latin rupes (« roche »), via le latin scientifique rupestris → voir campestris et champêtre. La première attestion selon le Petit Robert et Usito serait 1812, mais le terme est au moins de deux ans plus ancien, comme le montre la source.']","[['De rumpo (« rompre, casser ») → voir marmor pour un mot issu du grec fondé sur une construction similaire « casser/pierre ».'], 'Rocher, antre, caverne.']","[{'form': 'rupēs', 'tags': ['plural', 'nominative']}, {'form': 'rupēs', 'tags': ['plural', 'vocative']}, {'form': 'rupĕm', 'tags': ['singular', 'accusative']}, {'form': 'rupēs', 'tags': ['plural', 'accusative']}, {'form': 'rupĭs', 'tags': ['singular', 'genitive']}, {'form': 'rupiŭm', 'tags': ['plural', 'genitive']}, {'form': 'rupī', 'tags': ['singular', 'dative']}, {'form': 'rupĭbŭs', 'tags': ['plural', 'dative']}, {'form': 'rupĕ', 'tags': ['singular', 'ablative']}, {'form': 'rupĭbŭs', 'tags': ['plural', 'ablative']}]","['dérochage', 'dérochement', 'dérocher', 'dérocheuse', 'enrochement', 'enrocher', 'rochage', 'rochassier', 'roche', 'rocher', 'rocheux', 'rochier', 'rupestre', 'rupestrerie']",[],"['rupes', 'rumpo']",,"[['rupes', 'Qui a rapport aux rochers.'], ['rumpo', 'Rompre, casser']]",latin,rupes,"['dérochage', 'dérochement', 'dérocher', 'dérocheuse', 'enrochement', 'enrocher', 'rochage', 'rochassier', 'roche', 'rocher', 'rocheux', 'rochier']"
terre,Nom commun,"['Sol sur lequel nous marchons, sur lequel les maisons sont construites, qui produit et nourrit les végétaux.']","['De l’ancien français terre, terra, du latin terra.']","[[""De l’indo-européen commun *ters (« asséché, sec, soif »)\u202f^([1]), dont est issu l'albanais djers (« sueur »), le grec ancien τέρσομαι, tersomai (« sécher »), le sanscrit तृष्यति, tṛṣyati, l’anglais thirst (« soif »), l'allemand Durst (« soif ») et les mots latins torridus (« torride »), torreo (« sécher, brûler »).""], 'Terre ferme par opposition à la mer ou au ciel. Terre (élément) par opposition à l’eau, au feu et à l’air.']","[{'form': 'terră', 'tags': ['singular', 'nominative']}, {'form': 'terrae', 'tags': ['plural', 'nominative']}, {'form': 'terră', 'tags': ['singular', 'vocative']}, {'form': 'terrae', 'tags': ['plural', 'vocative']}, {'form': 'terrăm', 'tags': ['singular', 'accusative']}, {'form': 'terrās', 'tags': ['plural', 'accusative']}, {'form': 'terrae', 'tags': ['singular', 'genitive']}, {'form': 'terrārŭm', 'tags': ['plural', 'genitive']}, {'form': 'terrae', 'tags': ['singular', 'dative']}, {'form': 'terrīs', 'tags': ['plural', 'dative']}, {'form': 'terrā', 'tags': ['singular', 'ablative']}, {'form': 'terrīs', 'tags': ['plural', 'ablative']}]","['Angleterre', 'atterrir', 'atterrissage', 'atterrissement', 'atterrisseur', 'déterrage', 'déterré', 'déterrée', 'déterrement', 'déterrer', 'déterreur', 'enterrage', 'enterrement', 'enterrer', 'extraterrestre', 'fumeterre', 'redéterrer', 'réenterrer', 'terraformation', 'terrage', 'terrain', 'terramare', 'terraqué', 'terrarium', 'terrasse', 'terrassement', 'terrasser', 'terrassier', 'terreau', 'terreauter', 'terrer', 'terrestre', 'terreux', 'terricide', 'terricole', 'terrien', 'Terrien', 'terrier', 'terrière', 'terrigène', 'terrine', 'territoire', 'territorial', 'territorialité', 'terroir', 'Finistère', 'chthonien', 'chtonien', 'tellure', 'tellureux', 'tellurien', 'tellurique', 'tellurisme', 'tellurite', 'terrassette', 'terre', 'terrein', 'terrestritude', 'terrestrité', 'terrir', 'Terre']",['FAIL'],['FAIL'],FAIL,['FAIL'],FAIL,FAIL,['FAIL']
pied,Nom commun,['Partie du corps humain située à l’extrémité des jambes.'],"['Du moyen français pied, de l’ancien français pié, du latin pĕdem, accusatif singulier de pēs, (« pied », « patte »).']",['Accusatif singulier de pedis.'],[],"['antipied', 'bipied', 'entrepied', 'hochepied', 'marchepied', 'piètement', 'trépied', 'arpion', 'nougat', 'panard', 'paturon', 'peton', 'ripaton', 'pinceau', 'bonheur', 'cep', 'plant', 'inclinaison', 'écartement', 'fruit', 'pente', 'apode', 'apodidé', 'apodie', 'bipède', 'dépiéter', 'empiéger', 'empêchement', 'empêcher', 'empiétement', 'empiéter', 'gastéropode', 'péage', 'pédale', 'pédalo', 'pédauque', 'Pédauque', 'pédestre', 'piédestal', 'pédicure', 'piedmont', 'piédouche', 'piedroit', 'piège', 'piégeage', 'piéger', 'piégeur', 'Piémont', 'Piémontais', 'piémontais', 'piémontite', 'piétage', 'piétaille', 'piéter', 'piéteur', 'piétin', 'piétinement', 'piétiner', 'piéton', 'piétonne', 'piétonner', 'piétonnier', 'piétonnière', 'piètre', 'piètrement', 'piètrerie', 'podagre', 'podaire', 'podalique', 'podalirius', 'podalyre', 'podarge', 'podétion', 'podien', 'podium', 'podocarpe', 'podocère', 'pododysodie', 'podolépis', 'podolite', 'podologie', 'podologue', 'podomètre', 'podométrique', 'podophobie', 'podophobe', 'podophthalme', 'podophylle', 'podophylleux', 'podophyllin', 'podoscaphe', 'podostémon', 'podure', 'rempiétement', 'rempiéter', 'tripode', '👣', '🦶', 'dipode', 'décapode', 'endopodite', 'exopodite', 'hexapode', 'monopode', 'octopode', 'pedestrian', 'pedestrianisme', 'pied', 'piétement', 'pédane', 'pédestrien', 'pédestrité', 'pédieux', 'tétrapode']",[],['péd-'],pied,"[['pēs', 'Partie du corps humain située à l’extrémité des jambes.'], ['pié', 'Du moyen français pied, de l’ancien français pié, du latin pĕdem.']]",latin,pié,"['antipied', 'bipied', 'entrepied', 'hochepied', 'marchepied', 'piètement', 'trépied', 'arpion', 'nougat', 'panard', 'paturon', 'peton', 'ripaton', 'pinceau', 'bonheur', 'cep', 'plant', 'inclinaison', 'écartement', 'fruit', 'pente', 'apode', 'apodidé', 'apodie', 'bipède', 'dépiéter', 'empiéger', 'empêchement', 'empêcher', 'empiétement', 'empiéter', 'gastéropode', 'péage', 'pédale', 'pédalo', 'pédauque', 'Pédauque', 'pédestre', 'piédestal', 'pédicure', 'piedmont', 'piédouche', 'piedroit', 'piège', 'piégeage', 'piéger', 'piégeur', 'Piémont', 'Piémontais', 'piémontais', 'piémontite', 'piétage', 'piétaille', 'piéter', 'piéteur', 'piétin', 'piétinement', 'piétiner', 'piéton', 'piétonne', 'piétonner', 'piétonnier', 'piétonnière', 'piètre', 'piètrement', 'piètrerie', 'podagre', 'podaire', 'podalique', 'podalirius', 'podalyre', 'podarge', 'podétion', 'podien', 'podium', 'podocarpe', 'podocère', 'pododysodie', 'podolépis', 'podolite', 'podologie', 'podologue', 'podomètre', 'podométrique', 'podophobie', 'podophobe', 'podophthalme', 'podophylle', 'podophylleux', 'podophyllin', 'podoscaphe', 'podostémon', 'podure', 'rempiétement', 'rempiéter', 'tripode', '👣', '🦶', 'dipode', 'décapode', 'endopodite', 'exopodite', 'hexapode', 'monopode', 'octopode', 'pedestrian', 'pedestrianisme', 'pédane', 'pédestrien', 'pédestrité', 'pédieux', 'tétrapode']"
igné,Adjectif,"['Qui est de feu, qui a les qualités du feu.']","['Du latin igneus (« embrasé, enflammé, brûlant, ardent »).']","[['Dérivé de ignis (« feu »), avec le suffixe -eus.'], [""De l'indo-européen commun *egnis (« feu »)\u202f^([1]) dont est issu le sanskrit अग्नि, agní (« feu »), le vieux slave огнь, ognĭ (« feu ») qui a donné oheň en tchèque, ogień en polonais, огонь, ogon’ en russe et dans les langues baltes ugnìs en lituanien, uguns en letton.""], 'Feu, flamme.']","[{'form': 'ignēs', 'tags': ['plural', 'nominative']}, {'form': 'ignēs', 'tags': ['plural', 'vocative']}, {'form': 'ignĕm', 'tags': ['singular', 'accusative']}, {'form': 'ignēs', 'tags': ['plural', 'accusative']}, {'form': 'ignĭs', 'tags': ['singular', 'genitive']}, {'form': 'igniŭm', 'tags': ['plural', 'genitive']}, {'form': 'ignī', 'tags': ['singular', 'dative']}, {'form': 'ignĭbŭs', 'tags': ['plural', 'dative']}, {'form': 'ignĕ', 'tags': ['singular', 'ablative']}, {'form': 'ignĭbŭs', 'tags': ['plural', 'ablative']}]","['ardent', 'incandescent', 'pyrique', 'ignescent', 'ignifugation', 'ignifuge', 'ignifuger', 'ignition', 'bifocal', 'bifocalité', 'défocalisation', 'défocaliser', 'feu', 'feutier', 'focal', 'focalisable', 'focalisation', 'focaliser', 'focaliseur', 'focalité', 'foyer', 'igné']",['Dérivé'],['-eus'],ignis,"[['ignis', 'feu'], ['*egnis', 'feu'], ['indo-européen commun', 'feu']]",latin,ignis,"['ardent', 'incandescent', 'pyrique', 'ignescent', 'ignifugation', 'ignifuge', 'ignifuger', 'ignition', 'bifocal', 'défocalisation', 'défocaliser', 'feu', 'feutier', 'focal', 'focalisable', 'focalisation', 'focaliser', 'focaliseur', 'focalité', 'foyer', 'igné']"
nucléé,Adjectif,['Qui est pourvu de noyau.'],['Du latin nucleatus (« à noyau »).'],"[['Dérivé de nucleus (« noyau »), avec le suffixe -atus.'], ['Ce mot est pour *nuculeus, diminutif de nux (« noix »).'], 'Noyau, petite noix.']","[{'form': 'nucleī', 'tags': ['plural', 'nominative']}, {'form': 'nuclee', 'tags': ['singular', 'vocative']}, {'form': 'nucleī', 'tags': ['plural', 'vocative']}, {'form': 'nucleum', 'tags': ['singular', 'accusative']}, {'form': 'nucleōs', 'tags': ['plural', 'accusative']}, {'form': 'nucleī', 'tags': ['singular', 'genitive']}, {'form': 'nucleōrum', 'tags': ['plural', 'genitive']}, {'form': 'nucleō', 'tags': ['singular', 'dative']}, {'form': 'nucleīs', 'tags': ['plural', 'dative']}, {'form': 'nucleō', 'tags': ['singular', 'ablative']}, {'form': 'nucleīs', 'tags': ['plural', 'ablative']}]","['anti-nucléaire', 'anti-nucléarisme', 'antinucléaire', 'binucléé', 'dénoyautage', 'dénoyauter', 'dénoyauteur', 'dénoyauteuse', 'dénucléarisation', 'dénucléariser', 'extranucléaire', 'internucléaire', 'mononucléaire', 'noyau', 'noyautage', 'noyauter', 'noyauteur', 'noyauteuse', 'nucléaire', 'nucléarisation', 'nucléariser', 'nucléarisme', 'nucléariste', 'nucléarité', 'nucléé', 'plurinucléé', 'polynucléaire', 'polynucléarité', 'polynucléé', 'post-nucléaire', 'postnucléaire', 'énergie nucléaire']",['diminutif'],"['nucleus', 'nux']",nucleus,"[['nucleus', 'petite noix'], ['nux', 'noix']]",latin,nucleus,"['noyau', 'noyautage', 'noyauter', 'noyauteur', 'noyauteuse', 'nucléaire', 'nucléarisation', 'nucléariser', 'nucléarisme', 'nucléariste', 'nucléarité', 'dénoyautage', 'dénoyauter', 'dénoyauteur', 'dénoyauteuse', 'dénucléarisation', 'dénucléariser', 'extranucléaire', 'internucléaire', 'mononucléaire', 'plurinucléé', 'polynucléaire', 'polynucléarité', 'polynucléé', 'post-nucléaire', 'postnucléaire', 'énergie nucléaire']"
mois,Nom commun,"['Chacune des douze parties de l’année, dont chacune contient trente ou trente et un jours, excepté la seconde (février), qui est de vingt-huit jours dans les années ordinaires, et de vingt-neuf dans les années bissextiles.']","['Du moyen français mois, de l’ancien français mois, du latin mensis (« mois »).', 'Apparenté à une racine indo-européenne qui signifie « lune ». À comparer avec l’allemand Mond (« lune ») et Monat (« mois »), l’anglais moon (« lune ») et month (« mois »), le tchèque měsíc (« lune » et « mois »), le russe месяц, mesiats (« lune » et « mois »).']","[[""Mens-is\u202f^([1]) est un de ces thèmes primitivement terminés par une consonne qui ont ajouté un -is : la forme primitive était mens. C'est ce qui explique le génitif pluriel mensum, qui existe à côté de mensium."", ""Les adjectifs bimestris, trimestris sont formé à l’aide du suffixe -ter (→ voir paluster et palustris). Par l’addition d'un nouveau suffixe -uus (→ voir ann-uus) on a eu menstruus « qui revient tous les mois, qui dure un mois ». Mensurnus, employé par Cicéron, est fait comme diurnus, nocturnus. II y a deux adjectifs semestris ; l’un pour *sex-mestris « qui dure six mois », l’autre pour *semi-mestris « semi-mensuel »). Le nom de Mena est une imitation du grec. Le sens primitif de mensis parait avoir été « lune »."", 'De l’indo-européen commun *mḗh₁n̥s. Apparenté à metior (« mesurer ») dont le participe passé fait mensus.'], [""Mens-is\u202f^([1]) est un de ces thèmes primitivement terminés par une consonne qui ont ajouté un -is : la forme primitive était mens. C'est ce qui explique le génitif pluriel mensum, qui existe à côté de mensium."", ""Les adjectifs bimestris, trimestris sont formé à l’aide du suffixe -ter (→ voir paluster et palustris). Par l’addition d'un nouveau suffixe -uus (→ voir ann-uus) on a eu menstruus « qui revient tous les mois, qui dure un mois ». Mensurnus, employé par Cicéron, est fait comme diurnus, nocturnus. II y a deux adjectifs semestris ; l’un pour *sex-mestris « qui dure six mois », l’autre pour *semi-mestris « semi-mensuel »). Le nom de Mena est une imitation du grec. Le sens primitif de mensis parait avoir été « lune »."", 'De l’indo-européen commun *mḗh₁n̥s. Apparenté à metior (« mesurer ») dont le participe passé fait mensus.'], 'Mois.']","[{'form': 'mensēs', 'tags': ['plural', 'nominative']}, {'form': 'mensēs', 'tags': ['plural', 'vocative']}, {'form': 'mensĕm', 'tags': ['singular', 'accusative']}, {'form': 'mensēs', 'tags': ['plural', 'accusative']}, {'form': 'mensĭs', 'tags': ['singular', 'genitive']}, {'form': 'mensiŭm', 'tags': ['plural', 'genitive']}, {'form': 'mensī', 'tags': ['singular', 'dative']}, {'form': 'mensĭbŭs', 'tags': ['plural', 'dative']}, {'form': 'mensĕ', 'tags': ['singular', 'ablative']}, {'form': 'mensĭbŭs', 'tags': ['plural', 'ablative']}]","['bimensuel', 'mensualiser', 'mensualité', 'mensuel', 'mensuellement', 'semestre', 'semestriel', 'trimestre', 'trimestriel', 'année', 'bimensualité', 'mensualisation', 'mensuelat', 'mois', 'quadrimestre', 'quadrimestriel', 'semi-mensuel', 'trimestrat']","[""Ajout d'un suffixe -is""]",['is'],mens-,"[['mens-', 'lune'], ['mens-', 'mois'], ['mens-', 'lune et mois']]",latin,mensis,"['bimestriel', 'mensuel', 'semestriel', 'trimestriel', 'annuel', 'bimensuel', 'mensualiser', 'mensualité', 'mensuellement', 'semestre', 'quadrimestriel', 'mensualisation', 'mensuelat', 'mois', 'quadrimestre', 'quadrimestriel', 'semi-mensuel', 'trimestrat']"
ciel,Nom commun 1,['Espace immense dans lequel se meuvent tous les astres.'],"['Du latin caelum, de même sens.']","[['Selon Julius Pokorny, de l’indo-européen commun *(s)kai (« brillant »)\u202f^([1]). Comparez, en grec ancien αἰθήρ, aithḗr (« ciel, éther ») et αἴθαλος, aíthalos (« étincelle »).'], ['Crase de *caed-ulumdérivé de caedo (« couper »), avec le suffixe -ulum.'], 'Ciel, voûte des cieux.']","[{'form': 'caela', 'tags': ['plural', 'nominative']}, {'form': 'caela', 'tags': ['plural', 'vocative']}, {'form': 'caela', 'tags': ['plural', 'accusative']}, {'form': 'caelī', 'tags': ['singular', 'genitive']}, {'form': 'caelōrum', 'tags': ['plural', 'genitive']}, {'form': 'caelō', 'tags': ['singular', 'dative']}, {'form': 'caelīs', 'tags': ['plural', 'dative']}, {'form': 'caelō', 'tags': ['singular', 'ablative']}, {'form': 'caelīs', 'tags': ['plural', 'ablative']}, {'form': 'cael'}, {'form': 'caelus'}, {'form': 'coelum'}, {'form': 'cœlum'}, {'form': 'cælum'}]","['atmosphère', 'azur', 'cosmos', 'firmament', 'voûte', 'zénith', 'aéronef', 'astre', 'avion', 'comète', 'éclipse', 'étoile', 'lune', 'météo', 'météore', 'nuage', 'ovni', 'phénomène', 'photométéore', 'planète', 'soleil', 'céleste', 'terre', 'sol', 'ciel', 'célestité']",['Crase'],['caed-ulum'],caed-,"[['*caed-', 'Couper'], [""s'kai"", 'Brillant']]",Latin,caed-,"['atmosphère', 'azur', 'cosmos', 'firmament', 'voûte', 'zénith', 'aéronef', 'astre', 'avion', 'comète', 'éclipse', 'étoile', 'lune', 'météo', 'météore', 'nuage', 'ovni', 'phénomène', 'photométéore', 'planète', 'soleil', 'céleste', 'terre', 'sol', 'ciel', 'célestité']"
gibbeux,Adjectif,"['Qui est proéminent, en forme de bosse.']",['Du latin gibbosus (« bossu »).'],[],[],"['Bossette', 'bossage', 'bossariat', 'bosse', 'bosselage', 'bosseler', 'bosselette', 'bossellement', 'bosselure', 'bosselé', 'bosser', 'bossetier', 'bossette', 'bosseur', 'bosseuse', 'bosseux', 'bossier', 'bossinette', 'bossu', 'bossèlement', 'débosselage', 'débosseler', 'embossage', 'embosser', 'gibbeux', 'gibbosité']",[],['gib-'],gibbeux,[],latin,gibbosus,"['Bossette', 'bossage', 'bossariat', 'bosse', 'bosselage', 'bosselette', 'bossellement', 'bosselure', 'bosselé', 'bosser', 'bossetier', 'bossette', 'bosseur', 'bosseuse', 'bosseux', 'bossier', 'bossinette', 'bossu', 'bossèlement', 'débosselage', 'débosseler', 'embossage', 'embosser', 'gibbeux', 'gibbosité']"
cérémonie,Nom commun,"['Ensemble des formes extérieures et régulières du culte religieux, des célébrations mystiques.']","['Du latin caeremonia (« cérémonie religieuse », « rite »).']",['Variante de caerĭmōnĭa.'],"[{'form': 'caeremoniă', 'tags': ['singular', 'nominative']}, {'form': 'caeremoniae', 'tags': ['plural', 'nominative']}, {'form': 'caeremoniă', 'tags': ['singular', 'vocative']}, {'form': 'caeremoniae', 'tags': ['plural', 'vocative']}, {'form': 'caeremoniăm', 'tags': ['singular', 'accusative']}, {'form': 'caeremoniās', 'tags': ['plural', 'accusative']}, {'form': 'caeremoniae', 'tags': ['singular', 'genitive']}, {'form': 'caeremoniārŭm', 'tags': ['plural', 'genitive']}, {'form': 'caeremoniae', 'tags': ['singular', 'dative']}, {'form': 'caeremoniīs', 'tags': ['plural', 'dative']}, {'form': 'caeremoniā', 'tags': ['singular', 'ablative']}, {'form': 'caeremoniīs', 'tags': ['plural', 'ablative']}]","['cérémonial', 'cérémoniel', 'cérémonieusement', 'cérémonieux', 'fête', 'rituel', 'liturgie', 'protocole', 'solennité', 'cérémoniaire', 'cérémonialité', 'cérémonie', 'sarimonie']",[],['caer-'],cérémonia,"[['caerĭmōnĭa', 'cérémonie religieuse, rite'], ['caerĭmōnĭa', 'variante de caerĭmōnĭa']]",latin,cérémonie,"['cérémonial', 'cérémoniel', 'cérémonieusement', 'cérémonieux', 'fête', 'rituel', 'liturgie', 'protocole', 'solennité', 'cérémoniaire', 'cérémonialité']"
porte,Nom commun,['Ouverture battante dans un mur qui permet d’entrer ou sortir d’un endroit.'],"['Du latin porta (« porte d’une ville, d’un monument »), qui supplanta les mots fores et janua.']","[['Apparenté à portare (« transporter ») et portus (« port »), de la racine per (« à travers ») dont est issu le grec πόρος, poros (« passage ») ; le sens étymologique est « passage ».'], 'Ouverture, issue.']","[{'form': 'portă', 'tags': ['singular', 'nominative']}, {'form': 'portae', 'tags': ['plural', 'nominative']}, {'form': 'portă', 'tags': ['singular', 'vocative']}, {'form': 'portae', 'tags': ['plural', 'vocative']}, {'form': 'portăm', 'tags': ['singular', 'accusative']}, {'form': 'portās', 'tags': ['plural', 'accusative']}, {'form': 'portae', 'tags': ['singular', 'genitive']}, {'form': 'portārŭm', 'tags': ['plural', 'genitive']}, {'form': 'portae', 'tags': ['singular', 'dative']}, {'form': 'portīs', 'tags': ['plural', 'dative']}, {'form': 'portā', 'tags': ['singular', 'ablative']}, {'form': 'portīs', 'tags': ['plural', 'ablative']}]","['Delaporte', 'portail', 'Porte', 'PMT', 'porterie', 'portier', 'portière', 'portillon', 'lourde', 'chambranle', 'dormant', 'gond', 'heurtoir', 'imposte', 'linteau', 'poignée', 'porche', 'poterne', 'tympan', 'vantail', 'apport', 'apporter', 'apporteur', 'apporteuse', 'céroféraire', 'emport', 'emportement', 'emporter', 'emporté', 'import', 'importable', 'important', 'importateur', 'importation', 'importatrice', 'importer', 'importeur', 'importé', 'intransportable', 'ostiariat', 'port', 'portabilité', 'portable', 'portage', 'portager', 'portal', 'portant', 'portatif', 'porte', 'portelette', 'portement', 'porter', 'portette', 'porteur', 'porteuse', 'portinette', 'portion', 'portionnaire', 'portionniste', 'portiorat', 'portuaire', 'portuarité', 'portulan', 'porté', 'portée', 'rapport', 'rapportable', 'rapportage', 'rapporter', 'rapporteur', 'rapporteuse', 'rapporté', 'remporter', 'report', 'reportage', 'reportement', 'reporter', 'reporteur', 'réimport', 'réimportation', 'réimporter', 'thuriféraire', 'thuriférariat', 'transport', 'transportable', 'transportation', 'transporter', 'transporteur']",[],['port-'],porte,"[['porta', 'porte d’une ville, d’un monument'], ['per', 'à travers'], ['poros', 'passage']]",latin,porte,"['Delaporte', 'portail', 'Porte', 'PMT', 'porterie', 'portier', 'portière', 'portillon', 'lourde', 'chambranle', 'dormant', 'gond', 'heurtoir', 'imposte', 'linteau', 'poignée', 'porche', 'poterne', 'tympan', 'vantail', 'apport', 'apporter', 'apporteur', 'apporteuse', 'céroféraire', 'emport', 'emportement', 'emporter', 'emporté', 'import', 'importable', 'important', 'importateur', 'importation', 'importatrice', 'importer', 'importeur', 'importé', 'intransportable', 'ostiariat', 'port', 'portabilité', 'portable', 'portage', 'portager', 'portal', 'portant', 'portatif', 'porte', 'portelette', 'portement', 'porter', 'portette', 'porteur', 'porteuse', 'portinette', 'portion', 'portionnaire', 'portionniste', 'portiorat', 'portuaire', 'portuarité', 'portulan', 'porté', 'portée', 'rapport', 'rapportable', 'rapportage', 'rapporter', 'rapporteur', 'rapporteuse', 'rapporté', 'remporter', 'report', 'reportage', 'reportement', 'reporter', 'reporteur', 'réimport', 'réimportation', 'réimporter', 'thuriféraire', 'thuriférariat', 'transport', 'transportable', 'transportation', 'transporter', 'transporteur']"
bibition,Nom commun,['Action de boire.'],['bas latin bibitio (« même sens »)'],[],[],"['bibition', 'boire', 'bu', 'buvable', 'buvard', 'buvetier', 'buvette', 'buveur', 'buveuse', 'emboire', 'embuvage', 'imbuvable', 'impotable', 'potabilité', 'potable', 'potion', 'reboire']",[],['bib-'],bib,[],bas latin,bib,"['boire', 'bu', 'buvable', 'buvard', 'buvetier', 'buvette', 'buveur', 'buveuse', 'emboire', 'embuvage', 'imbuvable', 'impotable', 'potabilité', 'potable', 'potion', 'reboire']"
essai,Nom commun,"['Test, examen, épreuve de solidité, de pérennité, d’adéquation.']","['Issu du bas latin exagium, de exigere (« juger, examiner, peser ») dont dérive aussi examen.']",[],[],"['contressai', 'essayer', 'essayage', 'essayiste', 'essai', 'essayement', 'essayette', 'essayeur', 'essayeuse', 'essayisme', 'essayistique', 'ressayage', 'ressayer', 'réessayage', 'réessayer']",['Issu'],['exagium'],essai,"[{'étymon': 'exagium', 'sens': 'juger, examiner, peser'}, {'étymon': 'exigere', 'sens': 'juger, examiner'}]",latin,essai,"['contressai', 'essayer', 'essayage', 'essayiste', 'essai', 'essayement', 'essayette', 'essayeur', 'essayeuse', 'essayisme', 'essayistique', 'ressayage', 'ressayer', 'réessayage', 'réessayer']"
malachite,Nom commun,"['Espèce minérale du groupe des carbonates et du sous-groupe des carbonates anhydres avec anions étrangers de formule Cu₂(CO₃)(OH)₂, susceptible de recevoir un beau poli et employée pour la fabrication d’objets d’ornement.']",['Du latin molochites qui donne melochite au XIIᵉ siècle avec rapprochement de malache (« mauve »).'],"[['Du grec ancien μολοχίτης, molokhitês.'], 'Pierre précieuse.']","[{'form': 'molochitēs', 'tags': ['singular', 'nominative']}, {'form': 'molochitae', 'tags': ['plural', 'nominative']}, {'form': 'molochitē', 'tags': ['singular', 'vocative']}, {'form': 'molochitae', 'tags': ['plural', 'vocative']}, {'form': 'molochitēn', 'tags': ['singular', 'accusative']}, {'form': 'molochitās', 'tags': ['plural', 'accusative']}, {'form': 'molochitae', 'tags': ['singular', 'genitive']}, {'form': 'molochitārum', 'tags': ['plural', 'genitive']}, {'form': 'molochitae', 'tags': ['singular', 'dative']}, {'form': 'molochitīs', 'tags': ['plural', 'dative']}, {'form': 'molochitē', 'tags': ['singular', 'ablative']}, {'form': 'molochitīs', 'tags': ['plural', 'ablative']}, {'form': 'molochitis'}]","['malachite', 'mauve', 'mauvette']",[],"['molo-', 'mal-']",mal,"[['molochitēs', 'pierre précieuse'], ['μολοχίτης', 'pierre précieuse']]",grec,mal,"['malachite', 'mauve', 'mauvette']"
sud,Nom commun,['Point cardinal opposé au nord ; direction du pôle de l’hémisphère austral et correspondant à l’azimut 180°.'],"['Du vieil anglais suþ, de même sens. suth (Gaimar).']",[],[],"['sudisme', 'sudiste', 'austro', 'méridien', 'midi', 'miéjour', 'nord', 'sud', 'sudette', 'Notre-Dame-du-Lac-Saint-Jean-Partie-Sud']",[],['sud'],,[],vieil anglais,suþ,"['sudisme', 'sudiste', 'austro', 'méridien', 'midi', 'miéjour', 'nord', 'sud', 'sudette', 'Notre-Dame-du-Lac-Saint-Jean-Partie-Sud']"
nez,Nom commun,['Partie saillante du visage entre la bouche et le front couvrant l’organe communiquant avec les poumons permettant de sentir et de respirer.'],"['Du moyen français nez, de l’ancien français nes (Chanson de Roland), du latin nasus (même sens). Plus avant, de l’indo-européen commun *nas- dont sont issus l’anglais nose, l’allemand Nase, le tchèque ou le polonais nos, le russe нос nos, le lituanien nosis, le sanskrit नासिका, nāsikā.', ""(L'orthographe nez est notamment utilisée pour parler de saignées)""]","[['De l’indo-européen commun *néh₂s (« nez »)\u202f^([1]), qui donne le sanscrit नासा, nā́sā (« nez »), le lituanien nosis, le vieux slave носъ, nosŭ (« nez »), d’où nos en tchèque ; le germanique nasa d’où nose en anglais.', 'Notez l’absence de rhotacisme du radical. Le Dictionnaire étymologique latin l’explique ainsi : « Quant a nasus ou nasum, il est pour *nas-tus, *nas-tum : c’est une sorte de collectif ».'], 'Nez, odorat.']","[{'form': 'nasī', 'tags': ['plural', 'nominative']}, {'form': 'nase', 'tags': ['singular', 'vocative']}, {'form': 'nasī', 'tags': ['plural', 'vocative']}, {'form': 'nasum', 'tags': ['singular', 'accusative']}, {'form': 'nasōs', 'tags': ['plural', 'accusative']}, {'form': 'nasī', 'tags': ['singular', 'genitive']}, {'form': 'nasōrum', 'tags': ['plural', 'genitive']}, {'form': 'nasō', 'tags': ['singular', 'dative']}, {'form': 'nasīs', 'tags': ['plural', 'dative']}, {'form': 'nasō', 'tags': ['singular', 'ablative']}, {'form': 'nasīs', 'tags': ['plural', 'ablative']}, {'form': 'nasum', 'tags': ['archaic']}]","['appendice', 'blair', 'blaire', 'blase', 'blaze', 'nase', 'naze', 'pif', 'reniflant', 'renifloir', 'tarbouif', 'tarin', 'groin', 'mufle', 'museau', 'trompe', 'nasal', 'nasalisation', 'nasaliser', 'naseau', 'enluminé', 'cartilagineuse', 'visage', 'tête', 'corps', 'antinazi', 'antinazisme', 'catarhinien', 'catarrhinien', 'dénasalisation', 'dénasaliser', 'dénazification', 'dénazifier', 'haplorrhinien', 'nasalité', 'naserie', 'nasette', 'nasière', 'nazi', 'nazinette', 'nazisme', 'naziste', 'nazitude', 'nazité', 'nez', 'rhinite', 'semi-nasal', 'Nazinette']",[],['*nas-'],nez,"[['*nas-', 'nez'], ['*néh₂s', 'nez']]",indo-européen,nez,"['appendice', 'blair', 'blaire', 'blase', 'blaze', 'nase', 'naze', 'pif', 'reniflant', 'renifloir', 'tarbouif', 'tarin', 'groin', 'mufle', 'museau', 'trompe', 'nasal', 'nasalisation', 'nasaliser', 'naseau', 'enluminé', 'cartilagineuse', 'visage', 'tête', 'corps', 'antinazi', 'antinazisme', 'catarhinien', 'catarrhinien', 'dénasalisation', 'dénasaliser', 'dénazification', 'dénazifier', 'haplorrhinien', 'nasalité', 'naserie', 'nasette', 'nasière', 'nazi', 'nazinette', 'nazisme', 'naziste', 'nazitude', 'nazité', 'nez', 'rhinite', 'semi-nasal', 'Nazinette']"
antifébrile,Nom commun,['Remède contre les fièvres.'],"['Composé de anti-, fébrile et fièvre.']","[['Lexicalisation du préfixe anti-, du grec ancien ἀντί, antí (« au lieu de, en comparaison de, contre »). Existe aussi en sanskrit avec un sens similaire.'], ['Lexicalisation du préfixe anti-, du grec ancien ἀντί, antí (« au lieu de, en comparaison de, contre »). Existe aussi en sanskrit avec un sens similaire.'], ['De l’indo-européen commun *h₂ént-i, qui a aussi donné le latin ante, le sanskrit अन्ति, ánti.'], 'En face de.']",[],"['antifébrile', 'antipyrétique', 'enfièvrement', 'enfiévrer', 'enfiévré', 'fièvre', 'fiévrette', 'fiévreux', 'fébrile', 'fébriliser', 'fébrilité', 'pyrétique']",['Composé'],"['anti-', 'fébrile', 'fébril-']",antifébrile,"[['grec ancien', 'au lieu de, en comparaison de, contre'], ['grec ancien', 'au lieu de, en comparaison de, contre'], ['indo-européen commun', 'en face de'], ['sanskrit', 'en face de']]",grec ancien,antifébrile,"['antipyrétique', 'enfièvrement', 'enfiévrer', 'enfiévré', 'fièvre', 'fiévrette', 'fiévreux', 'fébrile', 'fébriliser', 'fébrilité', 'pyrétique']"
feu,Nom commun,"[""Phénomène calorifique et lumineux produit par la combustion d'une matière inflammable ; un des quatre éléments des Anciens.""]","[""Du moyen français feu, de l’ancien français fou (IXᵉ siècle), fu, foc, du bas latin feu, du latin fŏcus (« foyer, âtre, feu de la maison »), qui a supplanté le latin classique ignis à l’époque impériale. Feu est cognat de l’italien fuoco, de l’espagnol fuego, du portugais fogo, du catalan fog ; mais sans rapport avec l'allemand Feuer qui viendrait directement du grec « πῦρ »."", ""Note : en proto-indo-européen commun, il semble qu'il y ait eu deux mots pour le feu, selon les hypothèses de reconstitution. Le premier *h₁n̥gʷnis a donné des mots comme ignis en latin et agni (अग्नि) en sanskrit, et désigne le feu en tant qu'élément animé et actif, comme une entité : ainsi dans des expressions comme « dieu du feu » (Agni est le dieu hindou du feu), ou « esprit du feu », « le feu de la haine fait encore rage dans son âme ».\nLe second *péh₂wr a donné des mots comme fŏcus en latin, fire en anglais, πῦρ en grec ou pir en ombrien, et en français : feu. Cette seconde racine fait référence au feu comme une substance inanimée et envisagée comme un outil (ainsi dans « allumer le deuxième feu de la gazinière pour cuire les légumes »).\nAujourd'hui la plupart des langues indo-européennes semblent n'utiliser qu'un seul mot pour désigner ce substantif, issu soit de la première origine, soit de la seconde.\nLe français possède deux familles de mots issues respectivement de chacune de ces deux origines : de la première viennent des mots comme igné, ignifuge, ignition, ignivome, ignivore, ignicole. De la seconde viennent des mots comme feu ou foyer (lui-même dérivé du latin focarium : « fourneau de cuisine » qui avait remplacé focus) ; ainsi que les mots renvoyant à l'idée de foyer d'ellipse ou de lentille optique (rassemblant et diffusant un rayonnement) qui comportent l'élément foc- tiré de focus, comme focal. Focus a aussi donné fusil par l'intermédiaire de *focilis, « pierre à feu »."", '(Adjectif 1) Dérivé du nom commun. référence nécessaire (résoudre le problème)']","[['De l’indo-européen commun *bhok- (« brûler »), qui donne aussi l’arménien բոց, bocʿ (« flamme »), mot apparenté par Varron à foveo (« chauffer ») voir favilla (« produit du feu : cendre, étincelle ») ou encore à fax (« flambeau »).'], 'Foyer, feu, fourneau, âtre, cheminée, réchaud.']","[{'form': 'focī', 'tags': ['plural', 'nominative']}, {'form': 'foce', 'tags': ['singular', 'vocative']}, {'form': 'focī', 'tags': ['plural', 'vocative']}, {'form': 'focum', 'tags': ['singular', 'accusative']}, {'form': 'focōs', 'tags': ['plural', 'accusative']}, {'form': 'focī', 'tags': ['singular', 'genitive']}, {'form': 'focōrum', 'tags': ['plural', 'genitive']}, {'form': 'focō', 'tags': ['singular', 'dative']}, {'form': 'focīs', 'tags': ['plural', 'dative']}, {'form': 'focō', 'tags': ['singular', 'ablative']}, {'form': 'focīs', 'tags': ['plural', 'ablative']}]","['antifeu', 'boutefeu', 'monofeu', 'calcination', 'consomption', 'crémation', 'ignition', 'incandescence', 'flammes', 'foyer', 'incendie', 'allumette', 'bic', 'briquet', 'Dieu', 'divinité', 'cuisinière', 'four', 'gazinière', 'poêle', 'plaques', 'réchaud', 'âtre', 'crématoire', 'cheminée', 'pyrée', 'maison', 'éclairage', 'lumière', 'spot', 'sémaphore', 'phare', 'éclat', 'scintillement', 'splendeur', 'fire', 'amour', 'folie', 'pistolet', 'pétard', 'début', 'départ', 'start', '🔥', '🚥', '🚦', 'carburant', 'combustible', 'extincteur', 'igné', 'afféage', 'afféagement', 'afféager', 'bifocal', 'bifocalité', 'défocalisation', 'défocaliser', 'feu', 'feutier', 'focal', 'focalisable', 'focalisation', 'focaliser', 'focaliseur', 'focalité']",['Nom commun'],['bhok-'],feu,"[['bhok-', 'brûler'], ['foc-', 'foyer'], ['foc-', 'feu'], ['foc-', 'fourneau'], ['foc-', 'âtre'], ['foc-', 'cheminée'], ['foc-', 'réchaud'], ['foc-', 'âtre'], ['foc-', 'crématoire'], ['foc-', 'cheminée'], ['foc-', 'pyrée'], ['foc-', 'maison'], ['foc-', 'éclairage'], ['foc-', 'lumière'], ['foc-', 'spot'], ['foc-', 'sémaphore'], ['foc-', 'phare'], ['foc-', 'éclat'], ['foc-', 'scintillement'], ['foc-', 'splendeur'], ['foc-', 'fire'], ['foc-', 'amour'], ['foc-', 'folie'], ['foc-', 'pistolet'], ['foc-', 'pétard'], ['foc-', 'début'], ['foc-', 'départ'], ['foc-', 'start'], ['foc-', '🔥'], ['foc-', '🚥'], ['foc-', '🚦'], ['foc-', 'carburant'], ['foc-', 'combustible'], ['foc-', 'extincteur'], ['foc-', 'igné'], ['foc-', 'afféage'], ['foc-', 'afféagement'], ['foc-', 'afféager'], ['foc-', 'bifocal'], ['foc-', 'bifocalité'], ['foc-', 'défocalisation'], ['foc-', 'défocaliser'], ['foc-', 'feu'], ['foc-', 'feutier'], ['foc-', 'focal'], ['foc-', 'focalisable'], ['foc-', 'focalisation'], ['foc-', 'focaliser'], ['foc-', 'focaliseur'], ['foc-', 'focalité']]",indo-européen commun,feu,"['antifeu', 'boutefeu', 'monofeu', 'calcination', 'consomption', 'crémation', 'ignition', 'incandescence', 'flammes', 'foyer', 'incendie', 'allumette', 'bic', 'briquet', 'Dieu', 'divinité', 'cuisinière', 'four', 'gazinière', 'poêle', 'plaques', 'réchaud', 'âtre', 'crématoire', 'cheminée', 'pyrée', 'maison', 'éclairage', 'lumière', 'spot', 'sémaphore', 'phare', 'éclat', 'scintillement', 'splendeur', 'fire', 'amour', 'folie', 'pistolet', 'pétard', 'début', 'départ', 'start', '🔥', '🚥', '🚦', 'carburant', 'combustible', 'extincteur', 'igné', 'afféage', 'afféagement', 'afféager', 'bifocal', 'bifocalité', 'défocalisation', 'défocaliser', 'feu', 'feutier', 'focal', 'focalisable', 'focalisation', 'focaliser', 'focaliseur', 'focalité']"
viaire,Adjectif,['Se dit de ce qui a trait à la voie publique.'],"['et (nom commun 1) Du latin via, avec le suffixe -aire.']","[['Les formes archaïques de ce mot, vea ou veha sont à rattacher à veho.'], 'Chemin, route, voie, rue.']","[{'form': 'viă', 'tags': ['singular', 'nominative']}, {'form': 'viae', 'tags': ['plural', 'nominative']}, {'form': 'viă', 'tags': ['singular', 'vocative']}, {'form': 'viae', 'tags': ['plural', 'vocative']}, {'form': 'viăm', 'tags': ['singular', 'accusative']}, {'form': 'viās', 'tags': ['plural', 'accusative']}, {'form': 'viae', 'tags': ['singular', 'genitive']}, {'form': 'viārŭm', 'tags': ['plural', 'genitive']}, {'form': 'viae', 'tags': ['singular', 'dative']}, {'form': 'viīs', 'tags': ['plural', 'dative']}, {'form': 'viā', 'tags': ['singular', 'ablative']}, {'form': 'viīs', 'tags': ['plural', 'ablative']}]","['biviaire', 'dévoiement', 'dévoyer', 'dévoyé', 'envoi', 'envoyer', 'envoyeur', 'envoyeuse', 'renvoi', 'renvoyer', 'renvoyette', 'renvoyeur', 'renvoyeuse', 'viaire', 'voie', 'voyer', 'voyette', 'émissaire']",[],['et'],via,"[['et', 'voie publique'], ['veho', 'chemin, route, voie, rue']]",latin,via,"['biviaire', 'dévoiement', 'dévoyer', 'dévoyé', 'envoi', 'envoyer', 'envoyeur', 'envoyeuse', 'renvoi', 'renvoyer', 'renvoyette', 'renvoyeur', 'renvoyeuse', 'voie', 'voyer', 'voyette', 'émissaire']"
jour,Nom commun,"['Période de vingt-quatre heures, commençant généralement à minuit ; en certains lieux et à certaines époques, le jour commençait plutôt avec le lever ou le coucher du soleil.']","['Du moyen français jour, de l’ancien français jor, jorn , du latin diŭrnus (→ voir diurne), adjectif devenu substantif en bas latin de Gaule et d’Italie (en italien, giorno), où il a éliminé le classique dies, maintenu en Ibérie et Dacie (→ voir l’espagnol día, le gascon dia, le portugais dia et le roumain zi). Cognat du corse ghjornu \\ˈdjɔr.nu\\.']","[['Dérivé de dies (« jour »), avec le suffixe -urnus qui est aussi dans nocturnus.'], [""Dérivation régressive de l’accusatif diem, de l’indo-européen commun *dyew (« briller, soleil, jour, dieu »), qui l’apparente à deus (« dieu »), divum (« ciel, plein air »), dives (« riche »), divus (« divin »), mais aussi au grec ancien Ζεύς, Zeús et à l'albanais diell (« soleil »).""], 'Jour civil, journée de vingt-quatre heure.']","[{'form': 'dĭēs', 'tags': ['singular', 'nominative']}, {'form': 'dĭēs', 'tags': ['plural', 'nominative']}, {'form': 'dĭēs', 'tags': ['singular', 'vocative']}, {'form': 'dĭēs', 'tags': ['plural', 'vocative']}, {'form': 'dĭem', 'tags': ['singular', 'accusative']}, {'form': 'dĭēs', 'tags': ['plural', 'accusative']}, {'form': 'dĭeī', 'tags': ['singular', 'genitive']}, {'form': 'dĭērum', 'tags': ['plural', 'genitive']}, {'form': 'dĭeī', 'tags': ['singular', 'dative']}, {'form': 'dĭēbus', 'tags': ['plural', 'dative']}, {'form': 'dĭē', 'tags': ['singular', 'ablative']}, {'form': 'dĭēbus', 'tags': ['plural', 'ablative']}]","['ajour', 'ajourer', 'ajournement', 'ajourner', 'aujourd’hui', 'bonjour', 'contrejour', 'déjour', 'jourd’hui', 'jourd’huy', 'journal', 'journaleux', 'journalier', 'journaliser', 'journalisme', 'journaliste', 'journalistique', 'journau', 'journée', 'journel', 'journellement', 'journoyer', 'réajourner', 'séjour', 'séjournement', 'séjourner', 'toujours', 'diurne', 'quotidien', 'nuit', 'fond', 'mois', 'semaine', 'weekend', 'biquotidien', 'diaire', 'jour', 'quotidiennat', 'quotidiennerie', 'quotidienneté']",['Dérivation régressive'],"['dies', 'dieu', 'briller', 'soleil', 'dieux', 'Zeus', 'albanais']",dies,"[['dies', 'jour'], ['dieu', 'dieus', 'dieu'], ['briller', 'soleil', 'briller'], ['Zeus', 'Zeus', 'dieu'], ['albanais', 'diell', 'soleil']]",latin,dies,"['ajour', 'ajourer', 'ajournement', 'ajourner', 'aujourd’hui', 'bonjour', 'contrejour', 'déjour', 'jourd’hui', 'jourd’huy', 'journal', 'journaleux', 'journalier', 'journaliser', 'journalisme', 'journaliste', 'journalistique', 'journau', 'journée', 'journel', 'journellement', 'journoyer', 'réajourner', 'séjour', 'séjournement', 'séjourner', 'toujours', 'diurne', 'quotidien', 'nuit', 'fond', 'mois', 'semaine', 'weekend', 'biquotidien', 'diaire', 'jour', 'quotidiennat', 'quotidiennerie', 'quotidienneté']"
évier,Nom commun,"['Table en céramique, en métal ou en pierre, comportant un bassin creusé dans lequel on lave la vaisselle, et qui a un trou pour l’écoulement des eaux.']","['euwier. Eve est une variante du XIᵉ siècle de eau, à rapprocher avec son équivalent poitevin-saintongeais ève/aeve ou wallon aiwî. Évier désigne le récipient qui contient l’eau, comme aiguière dont il est le doublet naturel (voir aigue). Il provient sans doute du latin aquarium ou même du latin aquarius qui aurait pu devenir un adjectif en lieu et place de latin aquatique.']","[['substantivation de l’adjectif aquarius.Dérivé de aqua, avec le suffixe -arium.'], ['substantivation de l’adjectif aquarius.Dérivé de aqua, avec le suffixe -arium.'], ['De l’indo-européen commun *akʷā (« eau »)\u202f^([1]), radical auquel se rattache aquila (« aigle »), aquilo (« aquilon »), les diverses rivières germaniques Ache. Le radical *akʷā dérive de celui qui donne unda (voir ce mot).'], 'Eau, eau de pluie, pluie.']","[{'form': 'aquă', 'tags': ['singular', 'nominative']}, {'form': 'aquae', 'tags': ['plural', 'nominative']}, {'form': 'aquă', 'tags': ['singular', 'vocative']}, {'form': 'aquae', 'tags': ['plural', 'vocative']}, {'form': 'aquăm', 'tags': ['singular', 'accusative']}, {'form': 'aquās', 'tags': ['plural', 'accusative']}, {'form': 'aquae', 'tags': ['singular', 'genitive']}, {'form': 'aquārŭm', 'tags': ['plural', 'genitive']}, {'form': 'aquae', 'tags': ['singular', 'dative']}, {'form': 'aquīs', 'tags': ['plural', 'dative']}, {'form': 'aquā', 'tags': ['singular', 'ablative']}, {'form': 'aquīs', 'tags': ['plural', 'ablative']}]","['sink', 'lavabo', 'aquarien', 'aquette', 'aqueux', 'aquosité', 'déshydratation', 'déshydrater', 'déshydraté', 'eau', 'eautette', 'hydatisme', 'hydraire', 'hydratable', 'hydratant', 'hydratation', 'hydrater', 'hydrateur', 'hydrolien', 'monohydraté', 'réhydratation', 'réhydrater', 'évier', 'aigaire', 'aiguière']",['substantivation'],"['aquarium', 'aquarius']",akʷā,"[['aqua', 'eau'], ['aqua', 'eau de pluie, pluie'], ['aquila', 'aigle'], ['aquilo', 'aquilon'], ['Ache', 'rivières germaniques'], ['und', 'eau']]",latin,eau,"['sink', 'lavabo', 'aquarien', 'aquette', 'aqueux', 'aquosité', 'déshydratation', 'déshydrater', 'déshydraté', 'eau', 'eautette', 'hydatisme', 'hydraire', 'hydratable', 'hydratant', 'hydratation', 'hydrater', 'hydrateur', 'hydrolien', 'monohydraté', 'réhydratation', 'réhydrater', 'évier', 'aigaire', 'aiguière']"
crustacé,Adjectif,['Qui est couvert d’une enveloppe dure et souvent articulée.'],['Du latin crusta (« croûte ») et -acé.'],"[[""Crusta, crudus\u202f^([1]) (originellement « croute de sang séché ») et cruor semblent dérivés d'un ancien verbe perdu *crueo (« être en sang, saigner »), dont ils seraient respectivement le participe passé substantivé, un participe moyen et un déverbal."", 'Sur le même radical, mais en partant du sens de « froid », le grec a fait les mots qui ont donné crystallum, crystallus.'], 'Croute, enveloppe dure.']","[{'form': 'crustă', 'tags': ['singular', 'nominative']}, {'form': 'crustae', 'tags': ['plural', 'nominative']}, {'form': 'crustă', 'tags': ['singular', 'vocative']}, {'form': 'crustae', 'tags': ['plural', 'vocative']}, {'form': 'crustăm', 'tags': ['singular', 'accusative']}, {'form': 'crustās', 'tags': ['plural', 'accusative']}, {'form': 'crustae', 'tags': ['singular', 'genitive']}, {'form': 'crustārŭm', 'tags': ['plural', 'genitive']}, {'form': 'crustae', 'tags': ['singular', 'dative']}, {'form': 'crustīs', 'tags': ['plural', 'dative']}, {'form': 'crustā', 'tags': ['singular', 'ablative']}, {'form': 'crustīs', 'tags': ['plural', 'ablative']}]","['croûteux', 'croustinette', 'croute', 'crouter', 'croûtage', 'croûte', 'croûtelette', 'croûter', 'crustacite', 'crustacé', 'crustacéen', 'décrouter', 'décroûtage', 'décroûter', 'décrustation', 'décruster', 'désencroûter', 'encroutement', 'encrouter', 'encroûtement', 'encroûter', 'encroûté']","[""Ajout d'un suffixe""]",['-acé'],crusta,"[['crusta', 'croûte de sang séché'], ['cruor', 'sang'], ['crueo', 'être en sang, saigner']]",latin,crusta,"['croûteux', 'croustinette', 'croute', 'crouter', 'croûtage', 'croûte', 'croûtelette', 'croûter', 'crustacite', 'crustacé', 'crustacéen', 'décrouter', 'décroûtage', 'décroûter', 'décrustation', 'décruster', 'désencroûter', 'encroutement', 'encrouter', 'encroûtement', 'encroûter', 'encroûté']"
arbre,Nom commun,"['Végétal haut de plus de 7 mètres, dont la tige, appelée fût ou tronc, ne se garnit de branches et de feuilles qu’à une certaine hauteur. La partie constituée par les branches et les feuilles s’appelle houppier.']","['Du moyen français arbre, de l’ancien français arbre, du latin arbor.']","[['Faisait archaïquement arbos, devenu arbor par rhotacisme. Pour des explications détaillées sur le rhotacisme en latin, voir « r » en latin.', 'Avec le sens de « haute plante », apparenté\u202f^([1]) à arduus, le \\dh\\ indo-européen commun est devenu \\b\\ → voir funus pour d’autres exemples et des explications détaillées.', 'Lui sont apparentés le gaulois Arduenna (silva), Arduinna, « déesse des bois », plus loin, le tchèque rostlina (« plante »).'], 'Arbre.']","[{'form': 'arborēs', 'tags': ['plural', 'nominative']}, {'form': 'arborēs', 'tags': ['plural', 'vocative']}, {'form': 'arborem', 'tags': ['singular', 'accusative']}, {'form': 'arborēs', 'tags': ['plural', 'accusative']}, {'form': 'arboris', 'tags': ['singular', 'genitive']}, {'form': 'arborum', 'tags': ['plural', 'genitive']}, {'form': 'arborī', 'tags': ['singular', 'dative']}, {'form': 'arboribus', 'tags': ['plural', 'dative']}, {'form': 'arborĕ', 'tags': ['singular', 'ablative']}, {'form': 'arboribus', 'tags': ['plural', 'ablative']}, {'form': 'arbos'}]","['arborescence', 'arbrisseau', 'arbuste', '🌲', '🌳', '🌴', '🎋', '\U0001fabe', 'arborescent', 'arboricole', 'arboriculteur', 'arboricultrice', 'arboriculture', 'arborisation', 'arborisé', 'arboriste', 'adryade', 'hamadryade', 'dendrochronologie', 'dendroïde', 'dendritique', 'kodama', 'arborer', 'arboriser', 'arbraie', 'arbre', 'arbret', 'arbreter', 'arbrier', 'arbrot', 'arbrée', 'dendrite', 'désherbage', 'désherbant', 'désherbement', 'désherber', 'enherbage', 'enherbement', 'enherber', 'erbee', 'herbage', 'herbagement', 'herbager', 'herbagère', 'herbaie', 'herbaçaie', 'herbe', 'herbelette', 'herber', 'herberaie', 'herbette', 'herbeux', 'herbier', 'herbillette', 'herbu']",[],"['ar-', 'ard-', 'ardu-']",arbor,"[['arbor', 'haute plante'], ['arduus', 'haut'], ['dh', 'indoeuropéen commun']]",latin,arbor,"['arborescence', 'arbrisseau', 'arbuste', '🌲', '🌳', '🌴', '🎋', '\\U0001fabe', 'arborescent', 'arboricole', 'arboriculteur', 'arboricultrice', 'arboriculture', 'arborisation', 'arborisé', 'arboriste', 'adryade', 'hamadryade', 'dendrochronologie', 'dendroïde', 'dendritique', 'kodama', 'arborer', 'arboriser', 'arbraie', 'arbre', 'arbret', 'arbreter', 'arbrier', 'arbrot', 'arbrée', 'dendrite', 'désherbage', 'désherbant', 'désherbement', 'désherber', 'enherbage', 'enherbement', 'enherber', 'erbee', 'herbage', 'herbagement', 'herbager', 'herbagère', 'herbaie', 'herbaçaie', 'herbe', 'herbelette', 'herber', 'herberaie', 'herbette', 'herbeux', 'herbier', 'herbillette', 'herbu']"
verbe,Nom commun,"['Partie du discours qui exprime soit une action faite ou supportée par le sujet, soit un état ou une manière d’être du sujet, et qui, pour les exprimer, possède un certain nombre de formes diverses dont l’ensemble est appelé conjugaison, lesquelles formes expriment son sujet et le temps de la proposition.']","[""Du latin verbum (« parole »), de l'indo-européenne *werdʰh₁o- qui l’apparente à l’anglais word, au néerlandais woord.""]","[['De l’indo-européen commun *werdʰo-, qui donne l’anglais word, l’allemand Wort, le protoslave *rekti d’où říct (« dire ») en tchèque, le sanskrit व्रत, vrata (« loi, vœu, promesse »). Du radical *werh₃- (« dire »)\u202f^([1]) qui donne le grec ancien εἴρω, eiro (« parler »).'], 'Mot.']","[{'form': 'verba', 'tags': ['plural', 'nominative']}, {'form': 'verba', 'tags': ['plural', 'vocative']}, {'form': 'verba', 'tags': ['plural', 'accusative']}, {'form': 'verbī', 'tags': ['singular', 'genitive']}, {'form': 'verbōrum', 'tags': ['plural', 'genitive']}, {'form': 'verbō', 'tags': ['singular', 'dative']}, {'form': 'verbīs', 'tags': ['plural', 'dative']}, {'form': 'verbō', 'tags': ['singular', 'ablative']}, {'form': 'verbīs', 'tags': ['plural', 'ablative']}]","['adverbe', 'adverbial', 'averbal', 'déverbal', 'préverbe', 'proverbe', 'proverbial', 'univerbation', 'verbal', 'verbalement', 'verbalisateur', 'verbalisation', 'verbaliser', 'verbalisme', 'verbatim', 'verber', 'verbeusement', 'verbeux', 'verbiage', 'verbicruciste', 'verbomanie', 'verbomoteur', 'verbosité', 'conjugaison', 'godan', 'ichidan', 'phrase', 'verbalisable', 'verbalisatrice', 'verbe']",[],['werdʰh₁o-'],,"[['latin', 'parole'], ['indo-européen commun', 'dire'], ['grec ancien', 'parler']]",latin,,"['adverbe', 'adverbial', 'averbal', 'déverbal', 'préverbe', 'proverbe', 'proverbial', 'univerbation', 'verbal', 'verbalement', 'verbalisateur', 'verbalisation', 'verbaliser', 'verbalisme', 'verbatim', 'verber', 'verbeusement', 'verbeux', 'verbiage', 'verbicruciste', 'verbomanie', 'verbomoteur', 'verbosité', 'conjugaison', 'godan', 'ichidan', 'phrase', 'verbalisable', 'verbalisatrice', 'verbe']"
ligneux,Adjectif,"['Qui est de la nature de la lignine, qui en contient.']","['Du latin lignosus (« comme du bois »), de lignum (« bois »).']","[['Dérivé de lignum, avec le suffixe -osus.'], ['Probablement\u202f^([1])dérivé de lego (« cueillir »), avec le suffixe -num, c’est proprement le bois ramassé pour le feu domestique → voir fagot. Ne s’emploie qu’au pluriel en latin classique.'], ['DÃ©nominal de lex (Â« loi Â»)â€¯^([1]). Le Dictionnaire Ã©tymologique latinâ€¯^([2]), soulignant la frÃ©quence de la mutation consonantique l > d en latin (â†’ voir lingua) le rapproche de dico, dicare (Â« dÃ©dier Â»).'], [""De l'indo-europÃ©en communâ€¯^([3]) *leÄ�- dont est issu le grec ancien Î»Î\xadÎ³Ï‰, lÃ©gÃ´ (Â« cueillir, choisir, dire Â»), mledh en albanais, le gotique ğ�Œ»ğ�Œ´ğ�Œºğ�Œ¾ğ�Œ°, lÄ“kja (Â« mÃ©decin [qui cueille et choisit les herbes mÃ©dicinales] Â»), le slavon Ğ»Ñ£Ñ‡Ğ¸Ñ‚Ğ¸, lÄ›Ä�iti (Â« soigner Â»), qui donne lÃ©k (Â« soin Â»), lÃ©Ä�it (Â« soigner Â») en tchÃ¨que.""], 'Destiner Ã\xa0 un hÃ©ritier, lÃ©guer.']",[],"['pyroligneux', 'noueux', 'délignifier', 'lignicole', 'lignifère', 'lignifiant', 'lignification', 'lignifié', 'lignine', 'lignite', 'lignocellulose', 'lignone', 'lignose', 'lignosité', 'lignosulfonate', 'bois', 'boisage', 'boise', 'boisement', 'boiser', 'boisette', 'boiseur', 'boisilier', 'boisé', 'boitte', 'bosquet', 'bouc', 'bouchable', 'bouchage', 'bouche', 'bouchelette', 'bouchement', 'boucher', 'bouchette', 'boucheur', 'boucheuse', 'bouchère', 'bouché', 'boue', 'bouette', 'boueur', 'boueux', 'bouquet', 'bouqueter', 'bouquetier', 'bouqueté', 'bouvet', 'bouvetage', 'bouveter', 'bouveteur', 'bouveteuse', 'bouvier', 'bouvière', 'bovin', 'bovinité', 'boyer', 'boëtte', 'bœuf', 'déboisage', 'déboisement', 'déboiser', 'déboiseur', 'déboiseuse', 'débouchage', 'débouchement', 'déboucher', 'déboucheur', 'débouchonner', 'débouché', 'délignification', 'embouage', 'embouchage', 'embouche', 'emboucher', 'emboucheur', 'embouché', 'embouement', 'embouer', 'imbouchable', 'ligneux', 'ligniteux', 'monoxyle', 'reboisage', 'reboisement', 'reboiser', 'reboiseur', 'rebouchage', 'rebouchement', 'reboucher', 'stomatite', 'xylite', 'xylène']",['Dérivé de'],"['lignum', 'lego', 'l', 'lignum', 'le', 'l']",lignosus,"[['lignum', 'bois'], ['lego', 'cueillir'], ['lignum', 'bois'], ['Â« loi Â»', 'lex'], ['indo-européen commun', '']]",latin,lignosus,"['pyroligneux', 'noueux', 'délignifier', 'lignicole', 'lignifère', 'lignifiant', 'lignification', 'lignifié', 'lignine', 'lignite', 'lignocellulose', 'lignone', 'lignose', 'lignosité', 'lignosulfonate', 'bois', 'boisage', 'boise', 'boisement', 'boiser', 'boisette', 'boiseur', 'boisilier', 'boisé', 'boitte', 'bosquet', 'bouc', 'bouchable', 'bouchage', 'bouche', 'bouchelette', 'bouchement', 'boucher', 'bouchette', 'boucheur', 'boucheuse', 'bouchère', 'bouché', 'boue', 'bouette', 'boueur', 'boueux', 'bouquet', 'bouqueter', 'bouquetier', 'bouqueté', 'bouvet', 'bouvetage', 'bouveter', 'bouveteur', 'bouveteuse', 'bouvier', 'bouvière', 'bovin', 'bovinité', 'boyer', 'boëtte', 'bœuf', 'déboisage', 'déboisement', 'déboiser', 'déboiseur', 'déboiseuse', 'débouchage', 'débouchement', 'déboucher', 'déboucheur', 'débouchonner', 'débouché', 'délignification', 'embouage', 'embouchage', 'embouche', 'emboucher', 'emboucheur', 'embouché', 'embouement', 'embouer', 'imbouchable', 'ligneux', 'ligniteux', 'monoxyle', 'reboisage', 'reboisement', 'reboiser', 'reboiseur', 'rebouchage', 'rebouchement', 'reboucher', 'stomatite', 'xylite', 'xylène']"
main,Nom commun 1,"['Partie du corps humain située au bout du bras, qui s’étend du poignet jusqu’au bout des doigts, qui sert à la préhension et au toucher.']","[""Du moyen français main, de l’ancien français man , main, mein, du latin manus (« manus »), du proto-italique *manus, ultimement de l’indo-européen *man- (« main »), d'où le verbe albanais man (« porter ») cognat de l’espagnol mano, de l’italien mano, du portugais mão.""]","[['Le Dictionnaire étymologique latin explique :', ""Manus entre dans une foule de locutions où il indique la possession. [Ce mot] exprime aussi le pouvoir que le pater familias exerce sur ceux qui lui sont soumis, et particulièrement celui que, comme mari, il a sur sa femme. Manus injectio désigne un mode d’exécution du créancier sur le débiteur, qu’il appréhendait au corps et amenait en justice. Au contraire la manumissio est l’action qui permet à l’esclave de sortir de la manus, c'est-à-dire de l’autorité du maitre. Le bras étant également l’instrument pour agir à la guerre, manus est souvent synonyme de vis (« force »). Au figuré, il signifie « une poignée d'hommes, une troupe ». C’est en ce sens qu'il a donné manipulus. Manica est formé comme pedica. Manceps est celui qui achète, de là, mancipium (« la propriété, la chose possédée ») et qui, par conséquent, peut être vendue par lui, par opposition aux choses nec mancipi, qui ne peuvent être vendues. De là mancipium a pris le sens de « vente », et mancipare celui de « vendre ». Emancipare (« aliéner par la vente ») se dit spécialement du fils qui est vendu par son père : comme, d’après la loi des XII Tables, le fils vendu trois fois devenait libre, on procédait à une vente fictive pour affranchir l’enfant de l’autorité paternelle. Mancipium (« esclave ») ne vient pas de la capture à la guerre, mais de l’idée générale de propriété. Contrairement à pes (« pied ») qui présente une grande régularité dans la famille indo-européenne, nous rencontrons la plus grande diversité des expressions qui servent à désigner la main. Cependant mantis existe en ombrien et en osque."", 'Pokorny le fait dériver de l’indo-européen commun *mə-r-, génitif *mə-n-és, mn̥tós (« main »), qui donne μάρη, marê (« main »), εὐμαρής, eumarês (« facile, aisé ») en grec ancien, marr (« saisir, prendre ») en albanais, l’anglo-saxon mund (« main, protection légale »), l’allemand Munt, Vormund (« tuteur »), le vieil irlandais mundr (« prix payé pour acheter la main d’une jeune fille avant de l’épouser »).', ""D’autres, se fondant sur le fait que « pouce, main, paume, coude » ont pris un sens « métrologique » l’apparentent au radical *me- (« mesurer ») avec l'infixe -n-, qui est dans metior (« mesurer »), mensis (« mois, lune »).""], ['Le Dictionnaire étymologique latin explique :', ""Manus entre dans une foule de locutions où il indique la possession. [Ce mot] exprime aussi le pouvoir que le pater familias exerce sur ceux qui lui sont soumis, et particulièrement celui que, comme mari, il a sur sa femme. Manus injectio désigne un mode d’exécution du créancier sur le débiteur, qu’il appréhendait au corps et amenait en justice. Au contraire la manumissio est l’action qui permet à l’esclave de sortir de la manus, c'est-à-dire de l’autorité du maitre. Le bras étant également l’instrument pour agir à la guerre, manus est souvent synonyme de vis (« force »). Au figuré, il signifie « une poignée d'hommes, une troupe ». C’est en ce sens qu'il a donné manipulus. Manica est formé comme pedica. Manceps est celui qui achète, de là, mancipium (« la propriété, la chose possédée ») et qui, par conséquent, peut être vendue par lui, par opposition aux choses nec mancipi, qui ne peuvent être vendues. De là mancipium a pris le sens de « vente », et mancipare celui de « vendre ». Emancipare (« aliéner par la vente ») se dit spécialement du fils qui est vendu par son père : comme, d’après la loi des XII Tables, le fils vendu trois fois devenait libre, on procédait à une vente fictive pour affranchir l’enfant de l’autorité paternelle. Mancipium (« esclave ») ne vient pas de la capture à la guerre, mais de l’idée générale de propriété. Contrairement à pes (« pied ») qui présente une grande régularité dans la famille indo-européenne, nous rencontrons la plus grande diversité des expressions qui servent à désigner la main. Cependant mantis existe en ombrien et en osque."", 'Pokorny le fait dériver de l’indo-européen commun *mə-r-, génitif *mə-n-és, mn̥tós (« main »), qui donne μάρη, marê (« main »), εὐμαρής, eumarês (« facile, aisé ») en grec ancien, marr (« saisir, prendre ») en albanais, l’anglo-saxon mund (« main, protection légale »), l’allemand Munt, Vormund (« tuteur »), le vieil irlandais mundr (« prix payé pour acheter la main d’une jeune fille avant de l’épouser »).', ""D’autres, se fondant sur le fait que « pouce, main, paume, coude » ont pris un sens « métrologique » l’apparentent au radical *me- (« mesurer ») avec l'infixe -n-, qui est dans metior (« mesurer »), mensis (« mois, lune »).""], 'Main.']","[{'form': 'manŭs', 'tags': ['singular', 'nominative']}, {'form': 'manūs', 'tags': ['plural', 'nominative']}, {'form': 'manŭs', 'tags': ['singular', 'vocative']}, {'form': 'manūs', 'tags': ['plural', 'vocative']}, {'form': 'manum', 'tags': ['singular', 'accusative']}, {'form': 'manūs', 'tags': ['plural', 'accusative']}, {'form': 'manūs', 'tags': ['singular', 'genitive']}, {'form': 'manuum', 'tags': ['plural', 'genitive']}, {'form': 'manūi', 'tags': ['singular', 'dative']}, {'form': 'manū', 'tags': ['singular', 'dative']}, {'form': 'manibus', 'tags': ['plural', 'dative']}, {'form': 'manū', 'tags': ['singular', 'ablative']}, {'form': 'manibus', 'tags': ['plural', 'ablative']}]","['baisemain', 'mainlevée', 'mainmettre', 'mainmise', 'mainmortable', 'mainmorte', 'mainmuable', 'maintenage', 'maintenance', 'mainteneur', 'maintenir', 'maintien', 'maniforme', 'manuel', 'tournemain', 'louche', 'manette', 'menotte', 'mimine', 'paluche', 'patoche', 'pince', 'pogne', 'torcheculs', 'centimane', 'maniabilité', 'maniable', 'maniage', 'manicle', 'maniement', 'manier', 'manière', 'maniérer', 'maniérisme', 'maniériste', 'maniette', 'manieur', 'manifestant', 'manifestatif', 'manifestation', 'manifestement', 'manifester', 'manille', 'maniller', 'manilleur', 'manillon', 'maniotte', 'manipulaire', 'manipulateur', 'manipulation', 'manipuler', 'manipuleur', 'manique', 'manivelle', 'manœuvrable', 'manœuvrant', 'manœuvre', 'manœuvrée', 'manœuvrer', 'manœuvrerie', 'manœuvrier', 'manoque', 'manoquer', 'manubaliste', 'manucaude', 'manucure', 'manucurer', 'manuducteur', 'manuduction', 'manuellement', 'manufacturable', 'manufacturer', 'manufacturier', 'manuluve', 'manumis', 'manumission', 'manuscription', 'manuscrit', 'manustupration', 'manutention', 'manutentionnaire', 'manutentionnel', 'manutentionner', 'manuterge', 'quadrumane', 'bras', 'immaniable', 'main', 'manieuse', 'manualiser', 'manualité', 'manîment', 'remaniable', 'remaniement', 'remanier', 'remanieur', 'remanieuse', 'acrochiriste']",['composé'],"['man-', 'm-']",manus,"[['manus', 'Partie du corps humain située au bout du bras, qui s’étend du poignet jusqu’au bout des doigts, qui sert à la préhension et au toucher.'], ['man', 'du latin manus'], ['mancipium', 'la propriété, la chose possédée'], ['mancipare', 'vendre'], ['mancipium', 'esclave'], ['mantis', 'main'], ['mə-r-', 'génitif *mə-n-és, mn̥tós'], ['me-', 'mesurer'], ['pes', 'pied']]",latin,main,"['baisemain', 'mainlevée', 'mainmettre', 'mainmise', 'mainmortable', 'mainmorte', 'mainmuable', 'maintenage', 'maintenance', 'mainteneur', 'maintenir', 'maintien', 'maniforme', 'manuel', 'tournemain', 'louche', 'manette', 'menotte', 'mimine', 'paluche', 'patoche', 'pince', 'pogne', 'torcheculs', 'centimane', 'maniabilité', 'maniable', 'maniage', 'manicle', 'maniement', 'manier', 'manière', 'maniérer', 'maniérisme', 'maniériste', 'maniette', 'manieur', 'manifestant', 'manifestatif', 'manifestation', 'manifestement', 'manifester', 'manille', 'maniller', 'manilleur', 'manillon', 'maniotte', 'manipulaire', 'manipulateur', 'manipulation', 'manipuler', 'manipuleur', 'manique', 'manivelle', 'manœuvrable', 'manœuvrant', 'manœuvre', 'manœuvrée', 'manœuvrer', 'manœuvrerie', 'manœuvrier', 'manoque', 'manoquer', 'manubaliste', 'manucaude', 'manucure', 'manucurer', 'manuducteur', 'manuduction', 'manuellement', 'manufacturable', 'manufacturer', 'manufacturier', 'manuluve', 'manumis', 'manumission', 'manuscription', 'manuscrit', 'manustupration', 'manutention', 'manutentionnaire', 'manutentionnel', 'manutentionner', 'manuterge', 'quadrumane']"
école,Nom commun,['Lieu dédié à l’apprentissage.'],"['De l’ancien français escole, d’un latin tardif *escola, du latin schola (« loisir studieux, leçon, lieu d’étude »), lui-même issu du grec ancien σχολή, skholế (« loisir »).']","[['Du grec ancien σχολή, skholế.'], ['Comme σχῆμα, skhếma, dérivé de ou apparenté\u202f^([1]) à ἔχω, ékhô (« posséder »), le sens étymologique semble être : « qui est maitre de soi », « qui a du temps, du loisir ». Sur le même radical indo-européen *segh-, le gaulois a *sego (« maitre de soi », « fort, non soumis ») → voir Segodunum, Segovia et Segobriga.'], 'Repos.']","[{'form': 'σχολαί', 'tags': ['plural', 'nominative'], 'article': 'αἱ'}, {'form': 'σχολά', 'tags': ['dual', 'nominative'], 'article': 'τὼ'}, {'form': 'σχολαί', 'tags': ['plural', 'vocative']}, {'form': 'σχολά', 'tags': ['dual', 'vocative']}, {'form': 'σχολήν', 'tags': ['singular', 'accusative'], 'article': 'τὴν'}, {'form': 'σχολάς', 'tags': ['plural', 'accusative'], 'article': 'τὰς'}, {'form': 'σχολά', 'tags': ['dual', 'accusative'], 'article': 'τὼ'}, {'form': 'σχολῆς', 'tags': ['singular', 'genitive'], 'article': 'τῆς'}, {'form': 'σχολῶν', 'tags': ['plural', 'genitive'], 'article': 'τῶν'}, {'form': 'σχολαῖν', 'tags': ['dual', 'genitive'], 'article': 'τοῖν'}, {'form': 'σχολῇ', 'tags': ['singular', 'dative'], 'article': 'τῇ'}, {'form': 'σχολαῖς', 'tags': ['plural', 'dative'], 'article': 'ταῖς'}, {'form': 'σχολαῖν', 'tags': ['dual', 'dative'], 'article': 'τοῖν'}, {'form': 'σχολά'}]","['écolage', 'écolâtre', 'écoler', 'écolier', 'écolière', 'scholasticide', 'scolaire', '🏫', 'extra-scolaire', 'extrascolaire', 'interscolaire', 'interscolarité', 'postscolaire', 'préscolaire', 'péri-scolaire', 'périscolaire', 'scholariat', 'scholarité', 'scolariat', 'scolarisable', 'scolarisation', 'scolariser', 'scolaritude', 'scolarité', 'école', 'écolette', 'écolo', 'écologie', 'écologique', 'écologisme', 'écologiste', 'œcologie']",[],['σχ-'],école,"[['*escola', 'du latin tardif *escola'], ['σχολή', 'du grec ancien σχολή'], ['σχῆμα', 'du grec ancien σχῆμα']]",grec ancien,école,"['écolage', 'écolâtre', 'écoler', 'écolier', 'écolière', 'scholasticide', 'scolaire', '🏫', 'extra-scolaire', 'extrascolaire', 'interscolaire', 'interscolarité', 'postscolaire', 'préscolaire', 'péri-scolaire', 'périscolaire', 'scholariat', 'scholarité', 'scolariat', 'scolarisable', 'scolarisation', 'scolariser', 'scolaritude', 'scolarité', 'école', 'écolette', 'écolo', 'écologie', 'écologique', 'écologisme', 'écologiste', 'œcologie']"
coturnisme,Nom commun,['Intoxication aiguë due aux toxines sécrétées par les cailles sauvages.'],['Du latin coturnix « caille ».'],['Caille.'],"[{'form': 'coturnicēs', 'tags': ['plural', 'nominative']}, {'form': 'coturnicēs', 'tags': ['plural', 'vocative']}, {'form': 'coturnicem', 'tags': ['singular', 'accusative']}, {'form': 'coturnicēs', 'tags': ['plural', 'accusative']}, {'form': 'coturnicis', 'tags': ['singular', 'genitive']}, {'form': 'coturnicum', 'tags': ['plural', 'genitive']}, {'form': 'coturnicī', 'tags': ['singular', 'dative']}, {'form': 'coturnicibus', 'tags': ['plural', 'dative']}, {'form': 'coturnicĕ', 'tags': ['singular', 'ablative']}, {'form': 'coturnicibus', 'tags': ['plural', 'ablative']}, {'form': 'cōturnix', 'tags': ['canonical']}]","['caillage', 'caille', 'caillement', 'cailler', 'cailletage', 'cailleter', 'caillette', 'caillounette', 'caillère', 'caillé', 'coturnisme']",[],['coturn-'],,[],latin,coturnix,"['caillage', 'caille', 'caillement', 'cailler', 'cailletage', 'cailleter', 'caillette', 'caillounette', 'caillère', 'caillé']"
eau,Nom commun,"['Liquide transparent, incolore, inodore et insipide à l’état pur, qui est le principal constituant des lacs, rivières, mers et océans.']","['Du moyen français eaue, eau, de l’ancien français eaue, ewe, du latin aqua, du proto-italique *akʷā (« eau »), de l’indo-européen commun *h₂ékʷeh₂ (« eau »). La prononciation [akwa] de aqua a évolué vers le VIᵉ siècle en [agwa], puis [awa]. Aux XIᵉ et XIIᵉ, la forme ewe [ɛwə] et les variantes egua, aigue (qui donna aigue-marine) et eve (qui donna évier) sont attestées en ancien français. Au XIIᵉ et XIIIᵉ, la forme eaue [eovə] apparait. Au XVIIᵉ, le e final disparait entièrement, ce qui donne l’orthographe actuelle (prononcée [eo] à l’époque) et la prononciation se simplifia en [o]. À noter que l’on pouvait retrouver jusqu’au XVIIIᵉ à Paris la prononciation [jo].', 'À noter qu’en français, aqua se retrouve en composition, comme préfixe : aqu-, aqui-.', 'Le mot a entre autres cognats, l’occitan aiga, l’italien acqua, le catalan aigua, l’espagnol agua, le portugais água et le roumain apă.', '→ voir aussi les hydronymes Aa en allemand et Aa en français, pour l’évolution similaire de *h₂ékʷeh₂ (« eau ») via l’allemand.']","[['De l’indo-européen commun *akʷā (« eau »)\u202f^([1]), radical auquel se rattache aquila (« aigle »), aquilo (« aquilon »), les diverses rivières germaniques Ache. Le radical *akʷā dérive de celui qui donne unda (voir ce mot).'], 'Eau, eau de pluie, pluie.']","[{'form': 'aquă', 'tags': ['singular', 'nominative']}, {'form': 'aquae', 'tags': ['plural', 'nominative']}, {'form': 'aquă', 'tags': ['singular', 'vocative']}, {'form': 'aquae', 'tags': ['plural', 'vocative']}, {'form': 'aquăm', 'tags': ['singular', 'accusative']}, {'form': 'aquās', 'tags': ['plural', 'accusative']}, {'form': 'aquae', 'tags': ['singular', 'genitive']}, {'form': 'aquārŭm', 'tags': ['plural', 'genitive']}, {'form': 'aquae', 'tags': ['singular', 'dative']}, {'form': 'aquīs', 'tags': ['plural', 'dative']}, {'form': 'aquā', 'tags': ['singular', 'ablative']}, {'form': 'aquīs', 'tags': ['plural', 'ablative']}]","['Morteau', 'RESC', 'Verseau', 'Eaubonne', 'agoua', 'flotte', 'baille', 'onde', 'hydrogénol', 'éveux', 'évier', 'gouache', 'déverser', 'submerger', 'aquarien', 'aquette', 'aqueux', 'aquosité', 'déshydratation', 'déshydrater', 'déshydraté', 'eau', 'eautette', 'hydatisme', 'hydraire', 'hydratable', 'hydratant', 'hydratation', 'hydrater', 'hydrateur', 'hydrolien', 'monohydraté', 'réhydratation', 'réhydrater', 'aigaire', 'aiguière']",[],['akʷā'],eau,"[['akʷā', 'eau'], ['und', 'onde'], ['h₂ékʷeh₂', 'eau']]",indo-européen,eau,"['Morteau', 'RESC', 'Verseau', 'Eaubonne', 'agoua', 'flotte', 'baille', 'onde', 'hydrogénol', 'éveux', 'évier', 'gouache', 'déverser', 'submerger', 'aquarien', 'aquette', 'aqueux', 'aquosité', 'déshydratation', 'déshydrater', 'déshydraté', 'eau', 'eautette', 'hydatisme', 'hydraire', 'hydratable', 'hydratant', 'hydratation', 'hydrater', 'hydrateur', 'hydrolien', 'monohydraté', 'réhydratation', 'réhydrater', 'aigaire', 'aiguière']"
nom,Nom commun,"['Mot ou groupe de mots permettant de nommer un être ou une chose. Un nom peut être un nom commun, une locution nominale ou un nom propre.']","['Du moyen français nom (« nom »), de l’ancien français nom, non, num (« nom »), latin nōmen (« nom, dénomination »), archaïquement *gnomen, de (g)nosco (« connaître ») avec le suffixe -men ; de l’indo-européen *h₁nḗh₃mn̥, apparenté au grec ancien ὄνομα, ónoma (« nom »), au sanskrit नामन्, nā́man, à l’allemand Name, au vieux slave имѧ, imę.']",[],[],"['nominal', 'nominalement', 'nominalisation', 'nominaliser', 'nominalisme', 'nominaliste', 'nominatif', 'nomination', 'nominer', 'nommage', 'nommé', 'nommément', 'nommer', 'postnom', 'SNC', 'surnom', 'substantif', 'anonyme', 'dénommer', 'dénomination', 'innommable', 'innommé', 'nomenclature', 'nomenklatura', 'prénom', 'pronom', 'renommée', 'renommer', 'surnommer', 'dénominateur', 'dénominatif', 'dénominationnel', 'dénominer', 'dénommé', 'innomé', 'nom', 'nominalisateur', 'nominalité', 'nominateur', 'nominativité', 'nommable', 'nommeur', 'uninominal', 'Nominette']",[],['*gnomen'],,[],latin,nom,"['nominal', 'nominalement', 'nominalisation', 'nominaliser', 'nominalisme', 'nominaliste', 'nominatif', 'nomination', 'nominer', 'nommage', 'nommé', 'nommément', 'nommer', 'postnom', 'SNC', 'surnom', 'substantif', 'anonyme', 'dénommer', 'dénomination', 'innommable', 'innommé', 'nomenclature', 'nomenklatura', 'prénom', 'pronom', 'renommée', 'renommer', 'surnommer', 'dénominateur', 'dénominatif', 'dénominationnel', 'dénominer', 'dénommé', 'innomé', 'nom', 'nominalisateur', 'nominalité', 'nominateur', 'nominativité', 'nommable', 'nommeur', 'uninominal', 'Nominette']"
caprin,Adjectif,['Relatif à la chèvre.'],"['Du latin caprinus (« de chèvre »), de caper (« bouc ») et capra (« chèvre »).']","[['Dérivé de caper (« bouc, chèvre »), avec le suffixe -inus.'], ['De l’indo-européen commun *kapro- (« animal mâle »), qui donne le grec ancien κάπρος, kápros (« sanglier »), le sanscrit कप्र्̥थ्आ, kapr̥thá (« pénis »), gafr en gallois, gavr en breton.'], 'Bouc.']","[{'form': 'caprī', 'tags': ['plural', 'nominative']}, {'form': 'caprī', 'tags': ['plural', 'vocative']}, {'form': 'caprum', 'tags': ['singular', 'accusative']}, {'form': 'caprōs', 'tags': ['plural', 'accusative']}, {'form': 'caprī', 'tags': ['singular', 'genitive']}, {'form': 'caprōrum', 'tags': ['plural', 'genitive']}, {'form': 'caprō', 'tags': ['singular', 'dative']}, {'form': 'caprīs', 'tags': ['plural', 'dative']}, {'form': 'caprō', 'tags': ['singular', 'ablative']}, {'form': 'caprīs', 'tags': ['plural', 'ablative']}, {'form': 'capra', 'raw_tags': ['une femelle'], 'source': ""form line template 'équiv-pour'""}]","['cabrette', 'caprin', 'caprinette', 'chabrette', 'chevrette', 'chevrettière', 'chevreuil', 'chevrier', 'Cabrette', 'chèvre']",['Suffixe'],"['capr-', 'kapro-']",cap-,"[['caper', 'bouc, chèvre'], ['kápros', 'sanglier'], ['gafr', 'gavr', 'pénis'], ['kapr̥thá', 'pénis']]",latin,cap-,"['cabrette', 'caprin', 'caprinette', 'chabrette', 'chevrette', 'chevrettière', 'chevreuil', 'chevrier']"
pomme,Nom commun,"['Fruit du pommier, de forme ronde, à la chair ferme et de saveur diverse.']","['Du moyen français pomme, de l’ancien français pome, pume, du bas latin poma (« fruit du pommier »), du latin poma, pluriel neutre de pomum (« fruit [à pépin ou noyau] »), dont le sens dérive en « fruit du pommier » en bas latin en Gaule et dans le nord de l’Italie et qui remplace le latin classique mālum (« fruit du pommier »). Cognat de l’occitan et du catalan poma (« pomme »).']",['Nominatif pluriel de pomum.'],[],"['pomiforme', 'pommage', 'Pomme', 'pommé', 'pommeau', 'pommer', 'pommeraie', 'pommette', 'pommier', 'pomo', 'tête', 'visage', 'somme', 'volet', 'pomme', 'pommelaie', 'pommeler', 'pommelette', 'pommelière', 'pommelure', 'pommelé', 'pommerée', 'pomminette', 'pommounette', 'Pomminette', 'Pommounette']",[],['nominatif pluriel'],pomum,"[['poma', 'fruit [à pépin ou noyau]'], ['poma', 'fruit du pommier']]",latin,pomme,"['pommé', 'pommeau', 'pommer', 'pommeraie', 'pommette', 'pommier', 'pomo', 'tête', 'visage', 'somme', 'volet', 'pomme', 'pommelaie', 'pommeler', 'pommelette', 'pommelière', 'pommelure', 'pommelé', 'pommerée', 'pomminette', 'pommounette', 'Pomminette', 'Pommounette']"
caséeux,Adjectif,['Qui est de la nature du fromage.'],"['Du latin caseus, « fromage ».']","[['De l’indo-européen commun *kHu-ōs-\u202f^([1]), collectif dérivé du verbe *kuH-, duquel procèdent le letton kūsāt « bouillir », le tchèque kysati « s’aigrir, pourrir » et le gotique ƕaþō « mousse ».'], 'Fromage.']","[{'form': 'caseī', 'tags': ['plural', 'nominative']}, {'form': 'casee', 'tags': ['singular', 'vocative']}, {'form': 'caseī', 'tags': ['plural', 'vocative']}, {'form': 'caseum', 'tags': ['singular', 'accusative']}, {'form': 'caseōs', 'tags': ['plural', 'accusative']}, {'form': 'caseī', 'tags': ['singular', 'genitive']}, {'form': 'caseōrum', 'tags': ['plural', 'genitive']}, {'form': 'caseō', 'tags': ['singular', 'dative']}, {'form': 'caseīs', 'tags': ['plural', 'dative']}, {'form': 'caseō', 'tags': ['singular', 'ablative']}, {'form': 'caseīs', 'tags': ['plural', 'ablative']}, {'form': 'cāsĕus', 'tags': ['canonical']}, {'form': 'cāsĕum'}]","['caseux', 'caséiforme', 'caséine', 'caséum', 'caséeux', 'fromage', 'fromager', 'fromagette', 'fromagier', 'fromagisme', 'fromagiste', 'fromagère', 'fromagé']",[],"['kHu-ōs-', 'caseus']",,"[['kHu-ōs-', 'fromage'], ['*kuH-', 'bouillir'], ['*kHu-ōs-\\u202f^', 'collectif dérivé du verbe *kuH-'], ['…', 'mousse']]",indo-européen,fromage,"['caséiforme', 'caséine', 'caséum', 'caséeux', 'fromage', 'fromager', 'fromagette', 'fromagier', 'fromagisme', 'fromagiste', 'fromagère', 'fromagé']"
mot,Nom commun,"['Succession de sons dans les langues parlées, ou de signes dans les langues des signes ou écrites, qui a un sens propre.']","['(Linguistique) Du latin muttum (« grognement, son ») dérivé de l’onomatopée mutmut (« murmure, son à peine distinct ») qui elle même vient de l’onomatopée mu (« murmure »). Il est passé du sens de « son » à « son qui décrit une parole, un verbe », puis « parole, discours ».', '(Informatique) Calque de l’anglais word (« mot »).']","[['Voyez mu.'], 'Grognement, bruit.']","[{'form': 'mutta', 'tags': ['plural', 'nominative']}, {'form': 'mutta', 'tags': ['plural', 'vocative']}, {'form': 'mutta', 'tags': ['plural', 'accusative']}, {'form': 'muttī', 'tags': ['singular', 'genitive']}, {'form': 'muttōrum', 'tags': ['plural', 'genitive']}, {'form': 'muttō', 'tags': ['singular', 'dative']}, {'form': 'muttīs', 'tags': ['plural', 'dative']}, {'form': 'muttō', 'tags': ['singular', 'ablative']}, {'form': 'muttīs', 'tags': ['plural', 'ablative']}]","['motet', 'motus', 'écrit', 'parole', 'borborygme', 'texte', 'phrase', 'proposition', 'syntagme', 'complément', 'noyau', 'sujet', 'glossaire', 'mot', 'MOT']",['Dérivation'],['mut-'],mut,"[['mut', 'grognement, bruit'], ['mu', 'grognement, bruit']]",latin,mut,"['motet', 'motus', 'écrit', 'parole', 'borborygme', 'texte', 'phrase', 'proposition', 'syntagme', 'complément', 'noyau', 'sujet', 'glossaire']"
phrase,Nom commun,"['Séquence de propositions ordonnées en fonction des règles de la grammaire, permettant de décrire quelque chose.']",['Du latin phrasis.'],"[['Du grec ancien φράσις, phrasis (« parole »).'], ['De φράζω, phrázô (« mettre en tête, expliquer, énoncer, dire »).'], 'Parole.']",[],"['antiphrase', 'paraphrase', 'paraphraser', 'phrasé', 'phraséologie', 'phraser', 'phraserie', 'phraseur', 'rephraser', 'charabia', 'antiphrastique', 'phrasaire', 'phrase', 'phrasette', 'phraseuse', 'phrasier', 'phrasounette', 'phrastique']",[],"['phr-', 'frasi-']",,"[['phrasis', 'parole'], ['φράσις', 'parole'], ['φράζω', 'mettre en tête, expliquer, énoncer, dire']]",grec ancien,phrase,"['antiphrase', 'paraphrase', 'paraphraser', 'phrasé', 'phraséologie', 'phraser', 'phraserie', 'phraseur', 'rephraser', 'charabia', 'antiphrastique', 'phrasaire', 'phrase', 'phrasette', 'phraseuse', 'phrasier', 'phrasounette', 'phrastique']"
fauteuil,Nom commun,"['Siège comportant des accotoirs, et un dossier.']","['Du moyen français fauteuil, de l’ancien français faldestoed (XIIᵉ siècle), faudestuel (1165-1170) (Chrétien de Troyes), issu du vieux-francique *faldistôl (« siège pliant »).', 'Voir falten Stuhl en allemand, pour des équivalents modernes des composés du mot.']",[],[],"['chesterfield', 'fauteuil']",[],['*'],faldestoed,"[{'étymon': 'faldestoed', 'sens': 'siège pliant'}, {'étymon': 'faldestuel', 'sens': 'siège pliant'}]",ancien français,faldestuel,['chesterfield']
rare,Adjectif,['Qui est en petit nombre ; qui se trouve difficilement.'],['Du latin rārus (« rare »).'],"[['Le sens propre est « épars, peu dru ». Le Dictionnaire étymologique latin ne donne pas de racine, tentons de l’expliquer par le rhotacisme du radical rasus de rado et raripilus est intermédiaire entre « qui a le poil ras » et « qui a le poil rare ».'], ""Épars, qui n'est pas dru, peu serré, peu épais, disséminé, clairsemé, éloigné.""]","[{'form': 'rară', 'tags': ['singular', 'feminine', 'nominative']}, {'form': 'rarum', 'tags': ['singular', 'neuter', 'nominative']}, {'form': 'rarī', 'tags': ['plural', 'masculine', 'nominative']}, {'form': 'rarae', 'tags': ['plural', 'feminine', 'nominative']}, {'form': 'rară', 'tags': ['plural', 'neuter', 'nominative']}, {'form': 'rare', 'tags': ['singular', 'masculine', 'vocative']}, {'form': 'rară', 'tags': ['singular', 'feminine', 'vocative']}, {'form': 'rarum', 'tags': ['singular', 'neuter', 'vocative']}, {'form': 'rarī', 'tags': ['plural', 'masculine', 'vocative']}, {'form': 'rarae', 'tags': ['plural', 'feminine', 'vocative']}, {'form': 'rară', 'tags': ['plural', 'neuter', 'vocative']}, {'form': 'rarum', 'tags': ['singular', 'masculine', 'accusative']}, {'form': 'rarăm', 'tags': ['singular', 'feminine', 'accusative']}, {'form': 'rarum', 'tags': ['singular', 'neuter', 'accusative']}, {'form': 'rarōs', 'tags': ['plural', 'masculine', 'accusative']}, {'form': 'rarās', 'tags': ['plural', 'feminine', 'accusative']}, {'form': 'rară', 'tags': ['plural', 'neuter', 'accusative']}, {'form': 'rarī', 'tags': ['singular', 'masculine', 'genitive']}, {'form': 'rarae', 'tags': ['singular', 'feminine', 'genitive']}, {'form': 'rarī', 'tags': ['singular', 'neuter', 'genitive']}, {'form': 'rarōrŭm', 'tags': ['plural', 'masculine', 'genitive']}, {'form': 'rarārŭm', 'tags': ['plural', 'feminine', 'genitive']}, {'form': 'rarōrŭm', 'tags': ['plural', 'neuter', 'genitive']}, {'form': 'rarō', 'tags': ['singular', 'masculine', 'dative']}, {'form': 'rarae', 'tags': ['singular', 'feminine', 'dative']}, {'form': 'rarō', 'tags': ['singular', 'neuter', 'dative']}, {'form': 'rarīs', 'tags': ['plural', 'masculine', 'dative']}, {'form': 'rarīs', 'tags': ['plural', 'feminine', 'dative']}, {'form': 'rarīs', 'tags': ['plural', 'neuter', 'dative']}, {'form': 'rarō', 'tags': ['singular', 'masculine', 'ablative']}, {'form': 'rarā', 'tags': ['singular', 'feminine', 'ablative']}, {'form': 'rarō', 'tags': ['singular', 'neuter', 'ablative']}, {'form': 'rarīs', 'tags': ['plural', 'masculine', 'ablative']}, {'form': 'rarīs', 'tags': ['plural', 'feminine', 'ablative']}, {'form': 'rarīs', 'tags': ['plural', 'neuter', 'ablative']}]","['raréfaction', 'raréfiable', 'raréfié', 'raréfier', 'rarement', 'rareté', 'rarissime', 'rare', 'rarissimitude']",[],"['r-', 'ar-']",r,"[['rārus', 'épars, peu dru'], ['rasus', 'épars'], ['rado', None], ['raripilus', 'Qui a le poil ras ; Qui a le poil rare']]",latin,rare,"['raréfaction', 'raréfiable', 'raréfié', 'raréfier', 'rarement', 'rareté', 'rarissime']"
manger,Verbe,['Mâcher et avaler un aliment dans le but de se nourrir.'],"['Du moyen français manger, de l’ancien français mangier, issu du latin manducare (« mâcher » et « manger » en latin populaire »), lui-même issu de mandere (« manger »). L’italien mangiare est sans conteste d’origine gallo-romane. Une évolution de manducare conforme aux lois de l’évolution phonétique de l’italien aurait donné *mandocare. De même, en occitan, manjar est dû à la langue d’oïl. référence nécessaire (résoudre le problème)']",['Infinitif de manduco.'],[],"['entremanger', 'entremangerie', 'mangeable', 'mangeaille', 'mangeailler', 'mangeoire', 'mangeotter', 'mangerie', 'mangeur', 'mangeure', 'mangeüre', 'mangeuse', 'mangeux', 'remanger', 'bouffer', 'becqueter', 'daba', 'grailler', 'miamer', 'damer', 's’alimenter', 'tchoper', 'bâfrer', 'ingurgiter', 's’empiffrer', 'manducateur', 'manducation', 'manducatoire', 'jeûner', 'comestibilité', 'comestible', 'géophagisme', 'immangeable', 'incomestible', 'mangeage', 'mangement', 'manger']",[],['manduco'],mang,"[['manducare', 'mâcher et avaler un aliment dans le but de se nourrir.'], ['manducare', 'mâcher']]",latin,manger,"['entremanger', 'entremangerie', 'mangeable', 'mangeaille', 'mangeailler', 'mangeoire', 'mangeotter', 'mangerie', 'mangeur', 'mangeure', 'mangeüre', 'mangeuse', 'mangeux', 'remanger', 'bouffer', 'becqueter', 'daba', 'grailler', 'miamer', 'damer', 's’alimenter', 'tchoper', 'bâfrer', 'ingurgiter', 's’empiffrer', 'manducateur', 'manducation', 'manducatoire', 'jeûner', 'comestibilité', 'comestible', 'géophagisme', 'immangeable', 'incomestible', 'mangeage', 'mangement', 'manger']"
fin,Nom commun 1,"[""Ce qui termine une chose, en marque la limite, en est l'extrémité.""]","[') Du latin fīnis (« confins, frontière, limite, borne, clôture ») dont est issu fīnīre (« borner, finir, cesser »).']","[['D’un ancien verbe *fiuo (« ficher [en terre, en paix] »)\u202f^([1]), dont le perfectif est figo (« ficher, fixer »). On fichait en terre des bornes pour limiter les territoires (→ voir meta), de là le sens de « frontière, but », etc.'], 'Borne, limite, clôture.']","[{'form': 'finēs', 'tags': ['plural', 'nominative']}, {'form': 'finēs', 'tags': ['plural', 'vocative']}, {'form': 'finĕm', 'tags': ['singular', 'accusative']}, {'form': 'finēs', 'tags': ['plural', 'accusative']}, {'form': 'finĭs', 'tags': ['singular', 'genitive']}, {'form': 'finiŭm', 'tags': ['plural', 'genitive']}, {'form': 'finī', 'tags': ['singular', 'dative']}, {'form': 'finĭbŭs', 'tags': ['plural', 'dative']}, {'form': 'finĕ', 'tags': ['singular', 'ablative']}, {'form': 'finĭbŭs', 'tags': ['plural', 'ablative']}]","['confinement', 'confiner', 'confins', 'définir', 'définition', 'final', 'finalement', 'finalisation', 'finaliser', 'finalisme', 'finaliste', 'finalité', 'finance', 'financer', 'financement', 'financier', 'fini', 'finir', 'finissage', 'finissant', 'finisseur', 'finisseuse', 'finissure', 'finition', 'finitude', 'infini', 'infinité', 'demi-fini', 'fin', 'finale', 'finalitaire', 'finissement', 'finitif', 'finitisme', 'finitiste', 'finité', 'infiniste', 'infinitaire', 'infinitisme', 'infinitiste', 'infinitude', 'infinitéisme', 'semi-fini', 'semifini']",['Suffixation'],"['fiuo', 'fī']",fī,"[['fiuo', 'ficher [en terre, en paix]'], ['fī', 'confins, frontière, limite, borne, clôture']]",latin,fin,"['confinement', 'confiner', 'confins', 'définir', 'définition', 'final', 'finalement', 'finalisation', 'finaliser', 'finalisme', 'finaliste', 'finalité', 'finance', 'financer', 'financement', 'financier', 'fini', 'finir', 'finissage', 'finissant', 'finisseur', 'finisseuse', 'finissure', 'finition', 'finitude', 'infini', 'infinité', 'demi-fini', 'fin', 'finale', 'finalitaire', 'finissement', 'finitif', 'finitisme', 'finitiste', 'finité', 'infiniste', 'infinitaire', 'infinitisme', 'infinitiste', 'infinitude', 'infinitéisme', 'semi-fini', 'semifini']"
scolaire,Adjectif,"[""Qui se rapporte à l’école, que ce soit à l'enseignement qui y est prodigué, aux bâtiments qu'elle occupe ou aux personnes qui la fréquentent, notamment les élèves.""]","['Du latin scholaris, de schola (« école »).']","[['Dérivé de schola (« école »), avec le suffixe -aris.'], ['Du grec ancien σχολή, skholế.'], ['Comme σχῆμα, skhếma, dérivé de ou apparenté\u202f^([1]) à ἔχω, ékhô (« posséder »), le sens étymologique semble être : « qui est maitre de soi », « qui a du temps, du loisir ». Sur le même radical indo-européen *segh-, le gaulois a *sego (« maitre de soi », « fort, non soumis ») → voir Segodunum, Segovia et Segobriga.'], 'Repos.']","[{'form': 'σχολαί', 'tags': ['plural', 'nominative'], 'article': 'αἱ'}, {'form': 'σχολά', 'tags': ['dual', 'nominative'], 'article': 'τὼ'}, {'form': 'σχολαί', 'tags': ['plural', 'vocative']}, {'form': 'σχολά', 'tags': ['dual', 'vocative']}, {'form': 'σχολήν', 'tags': ['singular', 'accusative'], 'article': 'τὴν'}, {'form': 'σχολάς', 'tags': ['plural', 'accusative'], 'article': 'τὰς'}, {'form': 'σχολά', 'tags': ['dual', 'accusative'], 'article': 'τὼ'}, {'form': 'σχολῆς', 'tags': ['singular', 'genitive'], 'article': 'τῆς'}, {'form': 'σχολῶν', 'tags': ['plural', 'genitive'], 'article': 'τῶν'}, {'form': 'σχολαῖν', 'tags': ['dual', 'genitive'], 'article': 'τοῖν'}, {'form': 'σχολῇ', 'tags': ['singular', 'dative'], 'article': 'τῇ'}, {'form': 'σχολαῖς', 'tags': ['plural', 'dative'], 'article': 'ταῖς'}, {'form': 'σχολαῖν', 'tags': ['dual', 'dative'], 'article': 'τοῖν'}, {'form': 'σχολά'}]","['intrascolaire', 'parascolaire', 'périscolaire', 'postscolaire', 'préscolaire', 'scolairement', 'scolarisation', 'scolariser', 'scolarité', 'scolastique', 'scholasticide', 'extra-scolaire', 'extrascolaire', 'interscolaire', 'interscolarité', 'péri-scolaire', 'scholariat', 'scholarité', 'scolaire', 'scolariat', 'scolarisable', 'scolaritude', 'école', 'écolette', 'écolier', 'écolo', 'écologie', 'écologique', 'écologisme', 'écologiste', 'œcologie']",['Suffixe'],"['-aris', 'schola']",scholaris,"[['schola', 'école'], ['σχολή', 'école'], ['σχῆμα', 'schéma'], ['ἔχω', 'posséder'], ['σχῆμα', 'schéma']]",latin,scholaris,"['intrascolaire', 'parascolaire', 'périscolaire', 'postscolaire', 'préscolaire', 'scolairement', 'scolarisation', 'scolariser', 'scolarité', 'scolastique', 'scholasticide', 'extra-scolaire', 'extrascolaire', 'interscolaire', 'interscolarité', 'péri-scolaire', 'scholariat', 'scholarité', 'scolaire', 'scolariat', 'scolarisable', 'scolaritude', 'école', 'écolette', 'écolier', 'écolo', 'écologie', 'écologique', 'écologisme', 'écologiste', 'œcologie']"
groupe,Nom commun,"['Ensemble de personnes, d’animaux.']","['Emprunté à l’italien gruppo (« nœud »), du germanique *kruppa (« masse arrondie »). C’est Évariste Galois qui vers 1830 utilisa le premier ce mot dans son sens mathématique.']",[],[],"['dégroupement', 'dégrouper', 'groupage', 'groupal', 'groupalement', 'groupé', 'grouper', 'groupement', 'groupeur', 'groupie', 'groupisme', 'groupiste', 'groupoïde', 'groupusculaire', 'groupuscule', 'intragroupe', 'ensemble', 'florilège', 'ribambelle', 'procession', 'troupe', 'dégroupage', 'groupalité', 'groupe', 'regroupage', 'regroupement', 'regrouper']",['Emprunté'],"['gru-', 'kruppa']",groupe,"[['germanique', '*kruppa', 'masse arrondie'], ['italien', 'gruppo', 'nœud']]",italien,groupe,"['dégroupement', 'dégrouper', 'groupage', 'groupal', 'groupalement', 'groupé', 'grouper', 'groupement', 'groupeur', 'groupie', 'groupisme', 'groupiste', 'groupoïde', 'groupusculaire', 'groupuscule', 'intragroupe', 'ensemble', 'florilège', 'ribambelle', 'procession', 'troupe', 'dégroupage', 'groupalité', 'regroupage', 'regroupement', 'regrouper']"
comestible,Adjectif,"['Qui peut servir d’aliment à l’humain, que l’on peut consommer sans se blesser ni s’intoxiquer.']",['Du latin comestibilis (« mangeable »).'],"[['Dérivé de comestus, avec le suffixe -bilis.'], 'Participe passé de comedo.']","[{'form': 'comestă', 'tags': ['singular', 'feminine', 'nominative']}, {'form': 'comestum', 'tags': ['singular', 'neuter', 'nominative']}, {'form': 'comestī', 'tags': ['plural', 'masculine', 'nominative']}, {'form': 'comestae', 'tags': ['plural', 'feminine', 'nominative']}, {'form': 'comestă', 'tags': ['plural', 'neuter', 'nominative']}, {'form': 'comeste', 'tags': ['singular', 'masculine', 'vocative']}, {'form': 'comestă', 'tags': ['singular', 'feminine', 'vocative']}, {'form': 'comestum', 'tags': ['singular', 'neuter', 'vocative']}, {'form': 'comestī', 'tags': ['plural', 'masculine', 'vocative']}, {'form': 'comestae', 'tags': ['plural', 'feminine', 'vocative']}, {'form': 'comestă', 'tags': ['plural', 'neuter', 'vocative']}, {'form': 'comestum', 'tags': ['singular', 'masculine', 'accusative']}, {'form': 'comestăm', 'tags': ['singular', 'feminine', 'accusative']}, {'form': 'comestum', 'tags': ['singular', 'neuter', 'accusative']}, {'form': 'comestōs', 'tags': ['plural', 'masculine', 'accusative']}, {'form': 'comestās', 'tags': ['plural', 'feminine', 'accusative']}, {'form': 'comestă', 'tags': ['plural', 'neuter', 'accusative']}, {'form': 'comestī', 'tags': ['singular', 'masculine', 'genitive']}, {'form': 'comestae', 'tags': ['singular', 'feminine', 'genitive']}, {'form': 'comestī', 'tags': ['singular', 'neuter', 'genitive']}, {'form': 'comestōrŭm', 'tags': ['plural', 'masculine', 'genitive']}, {'form': 'comestārŭm', 'tags': ['plural', 'feminine', 'genitive']}, {'form': 'comestōrŭm', 'tags': ['plural', 'neuter', 'genitive']}, {'form': 'comestō', 'tags': ['singular', 'masculine', 'dative']}, {'form': 'comestae', 'tags': ['singular', 'feminine', 'dative']}, {'form': 'comestō', 'tags': ['singular', 'neuter', 'dative']}, {'form': 'comestīs', 'tags': ['plural', 'masculine', 'dative']}, {'form': 'comestīs', 'tags': ['plural', 'feminine', 'dative']}, {'form': 'comestīs', 'tags': ['plural', 'neuter', 'dative']}, {'form': 'comestō', 'tags': ['singular', 'masculine', 'ablative']}, {'form': 'comestā', 'tags': ['singular', 'feminine', 'ablative']}, {'form': 'comestō', 'tags': ['singular', 'neuter', 'ablative']}, {'form': 'comestīs', 'tags': ['plural', 'masculine', 'ablative']}, {'form': 'comestīs', 'tags': ['plural', 'feminine', 'ablative']}, {'form': 'comestīs', 'tags': ['plural', 'neuter', 'ablative']}]","['comestibiliser', 'comestibilité', 'potable', 'innocuité', 'immangeable', 'incomestible', 'vénéneux', 'toxique', 'comestible', 'géophagisme', 'manducation', 'mangeable', 'mangeage', 'mangement', 'manger', 'mangerie', 'mangeur', 'mangeuse', 'remanger']",['Participe passé'],"['comestus', 'edo']",comest-,"[['comestus', 'mangeable'], ['edo', 'manger']]",latin,comest-,"['comestibiliser', 'comestibilité', 'potable', 'innocuité', 'immangeable', 'incomestible', 'vénéneux', 'toxique', 'comestible', 'géophagisme', 'manducation', 'mangeable', 'mangeage', 'mangement', 'manger', 'mangerie', 'mangeur', 'mangeuse', 'remanger']"
chien,Nom commun,"['Mammifère carnivore de la famille des Canidés, apparenté au loup (dont il est considéré comme une sous-espèce) et domestiqué par l’être humain, existant sous de nombreuses races aux morphologies variables, de nom scientifique : Canis lupus familiaris.']","['Du moyen français chien, de l’ancien français chien, du latin canem (« chien, chienne »), accusatif singulier de canis.']",['Accusatif singulier de canis.'],[],"['chiennage', 'chiennaille', 'chienne', 'chienner', 'chiennerie', 'chiennesque', 'chienneté', 'chiennetier', 'vespachien', 'vespachienne', 'cabot', 'cagouince', 'chienchien', 'clébard', 'clebs', 'corniaud', 'Fido', 'jaspineur', 'molosse', 'pitou', 'roquet', 'toutou', 'viausse', 'sergent', 'décanisation', 'décaniser', 'canicide', 'canicule', 'canin', 'canine', 'chenet', 'chenil', 'chenille', 'chiendent', 'chiot', 'cynique', 'cynophile', 'cynophilie', '🐕', '🐕🦺', 'aboi', 'aboiement', 'jappement', 'Médor', 'Rex', 'caninerie', 'caninette', 'caninité', 'canisette', 'chien', 'chienerie', 'chiennet', 'cynicitude', 'cynisme', 'Chien']",[],['can-'],Canis,"[['canis', 'chien, chienne']]",latin,chien,"['chiennage', 'chiennaille', 'chienne', 'chienner', 'chiennerie', 'chiennesque', 'chienneté', 'chiennetier', 'vespachien', 'vespachienne', 'cabot', 'cagouince', 'chienchien', 'clébard', 'clebs', 'corniaud', 'Fido', 'jaspineur', 'molosse', 'pitou', 'roquet', 'toutou', 'viausse', 'sergent', 'décanisation', 'décaniser', 'canicide', 'canicule', 'canin', 'canine', 'chenet', 'chenil', 'chenille', 'chiendent', 'chiot', 'cynique', 'cynophile', 'cynophilie', '🐕', '🐕🦺', 'aboi', 'aboiement', 'jappement', 'Médor', 'Rex', 'caninerie', 'caninette', 'caninité', 'canisette', 'chien', 'chienerie', 'chiennet', 'cynicitude', 'cynisme', 'Chien']"
pancalisme,Nom commun,['Doctrine esthétique qui prône que tout doit être considéré sous l’aspect du beau.'],"['Du grec ancien πάγκαλος, pankalos (« tout beau ») et -isme.']","[['Motcomposé de πᾶς, pâs (« tout ») et de καλός, kalós (« bon, beau »).'], ['Étymologie obscure :', 'il est pour *k̂u̯āḫnt-, le composé ἅπας (« plein, pur ») correspondant au latin inciens (« pleine, enceinte »), de l’indo-européen commun *k̂eu- (« gonfler, enfler »). Mais de *k̂eu- dérivent les mots en *\\k\\ κύος (« fœtus ») et ἔγκυος (« plein, enceint ») ;', 'il est peut-être apparenté au latin quam, quantus (« combien ») exprimant la quantité avec une évolution de *\\kʷ\\ à *\\p\\ régulière en grec : voir ποῖος, πη ;', 'de l’indo-européen commun *ph₂ent\u202f^([2]) ;', 'apparenté\u202f^([3]) à πάομαι (« acquérir »).'], 'Chaque.']","[{'form': 'πᾶσα', 'tags': ['singular', 'feminine', 'nominative']}, {'form': 'πᾶν', 'tags': ['singular', 'neuter', 'nominative']}, {'form': 'πᾶσα', 'tags': ['singular', 'feminine', 'vocative']}, {'form': 'πᾶν', 'tags': ['singular', 'neuter', 'vocative']}, {'form': 'πάντα', 'tags': ['singular', 'masculine', 'accusative']}, {'form': 'πᾶσαν', 'tags': ['singular', 'feminine', 'accusative']}, {'form': 'πᾶν', 'tags': ['singular', 'neuter', 'accusative']}, {'form': 'παντός', 'tags': ['singular', 'masculine', 'genitive']}, {'form': 'πάσης', 'tags': ['singular', 'feminine', 'genitive']}, {'form': 'παντός', 'tags': ['singular', 'neuter', 'genitive']}, {'form': 'παντί', 'tags': ['singular', 'masculine', 'dative']}, {'form': 'πάσῃ', 'tags': ['singular', 'feminine', 'dative']}, {'form': 'παντί', 'tags': ['singular', 'neuter', 'dative']}, {'form': 'πάντε', 'tags': ['dual', 'masculine', 'nominative']}, {'form': 'πάσα', 'tags': ['dual', 'feminine', 'nominative']}, {'form': 'πάντε', 'tags': ['dual', 'neuter', 'nominative']}, {'form': 'πάντε', 'tags': ['dual', 'masculine', 'vocative']}, {'form': 'πάσα', 'tags': ['dual', 'feminine', 'vocative']}, {'form': 'πάντε', 'tags': ['dual', 'neuter', 'vocative']}, {'form': 'πάντε', 'tags': ['dual', 'masculine', 'accusative']}, {'form': 'πάσα', 'tags': ['dual', 'feminine', 'accusative']}, {'form': 'πάντε', 'tags': ['dual', 'neuter', 'accusative']}, {'form': 'παντοῖν', 'tags': ['dual', 'masculine', 'genitive']}, {'form': 'πάσαιν', 'tags': ['dual', 'feminine', 'genitive']}, {'form': 'παντοῖν', 'tags': ['dual', 'neuter', 'genitive']}, {'form': 'παντοῖν', 'tags': ['dual', 'masculine', 'dative']}, {'form': 'πάσαιν', 'tags': ['dual', 'feminine', 'dative']}, {'form': 'παντοῖν', 'tags': ['dual', 'neuter', 'dative']}, {'form': 'πάντες', 'tags': ['plural', 'masculine', 'nominative']}, {'form': 'πᾶσαι', 'tags': ['plural', 'feminine', 'nominative']}, {'form': 'πάντα', 'tags': ['plural', 'neuter', 'nominative']}, {'form': 'πάντες', 'tags': ['plural', 'masculine', 'vocative']}, {'form': 'πᾶσαι', 'tags': ['plural', 'feminine', 'vocative']}, {'form': 'πάντα', 'tags': ['plural', 'neuter', 'vocative']}, {'form': 'πάντας', 'tags': ['plural', 'masculine', 'accusative']}, {'form': 'πάσας', 'tags': ['plural', 'feminine', 'accusative']}, {'form': 'πάντα', 'tags': ['plural', 'neuter', 'accusative']}, {'form': 'πάντων', 'tags': ['plural', 'masculine', 'genitive']}, {'form': 'πασῶν', 'tags': ['plural', 'feminine', 'genitive']}, {'form': 'πάντων', 'tags': ['plural', 'neuter', 'genitive']}, {'form': 'πᾶσι(ν)', 'tags': ['plural', 'masculine', 'dative']}, {'form': 'πάσαις', 'tags': ['plural', 'feminine', 'dative']}, {'form': 'πᾶσι(ν)', 'tags': ['plural', 'neuter', 'dative']}, {'form': 'ϖᾶς', 'tags': ['canonical']}, {'form': 'παῖς', 'raw_tags': ['Éolien']}]","['pancaliste', 'aphrodisme', 'beau', 'pancalisme', 'Beau']",[],"['πα-', 'πᾶς', 'καλός']",,"[['πᾶς', 'tout'], ['καλός', 'bon, beau']]",grec ancien,,"['pancaliste', 'aphrodisme', 'beau', 'pancalisme', 'Beau']"
mont,Nom commun,"['Montagne. Il s’emploie surtout dans certaines expressions géographiques consacrées par l’usage. Au pluriel, le terme géographique est généralement suivi de la préposition de.']","['Du latin mons, montis (« mont »).']","[['Étymologie obscure :', 'Lewis et Short\u202f^([1]) proposent de le rattacher à un radical indo-européen commun *men (« dominer ») et de l’apparenter à emineo, mentum, minari et minae → voir promontorium et promunturium. On peut le rapprocher au mot albanais mal (« montagne »).', 'Il est apparenté\u202f^([2]) au breton menez (« mont »), au radical *men (« dominer ») cité ci-dessus mais aussi *mon- (« tourner, cou ») qui donne monile (« collier ») selon la même métaphore qui, sur un autre radical, lie le latin circus (« cercle, cirque ») et le tchèque krk (« cou »).'], 'Mont, montagne.']","[{'form': 'montēs', 'tags': ['plural', 'nominative']}, {'form': 'montēs', 'tags': ['plural', 'vocative']}, {'form': 'montĕm', 'tags': ['singular', 'accusative']}, {'form': 'montēs', 'tags': ['plural', 'accusative']}, {'form': 'montĭs', 'tags': ['singular', 'genitive']}, {'form': 'montiŭm', 'tags': ['plural', 'genitive']}, {'form': 'montī', 'tags': ['singular', 'dative']}, {'form': 'montĭbŭs', 'tags': ['plural', 'dative']}, {'form': 'montĕ', 'tags': ['singular', 'ablative']}, {'form': 'montĭbŭs', 'tags': ['plural', 'ablative']}]","['amont', 'cismontain', 'montain', 'monter', 'monteux', 'montille', 'outremonts', 'piémont', 'transmontain', 'ultramontain', 'Montfaucon', 'Montmartre', 'Montréal', 'Montrouge', 'Outremont', 'Rosemont', 'Rougemont', 'monceau', 'monticole', 'monticule', 'mont', 'montueux', 'montuosité']",[],"['mons', 'men', 'mon-', 'circus', 'krk']",mont,"[['mons', 'mont'], ['men', 'dominer'], ['mon-', 'tourner, cou'], ['circus', 'cercle, cirque'], ['krk', 'cou']]",latin,mont,"['amont', 'cismontain', 'montain', 'monter', 'monteux', 'montille', 'outremonts', 'piémont', 'transmontain', 'ultramontain', 'Montfaucon', 'Montmartre', 'Montréal', 'Montrouge', 'Outremont', 'Rosemont', 'Rougemont', 'monceau', 'monticole', 'monticule', 'montueux', 'montuosité']"
fabisme,Nom commun,['Variante orthographique de favisme.'],['Du latin faba (« fève ») avec le suffixe -isme.'],"[[""De l’indo-européen commun *bhabha (« fruit sec »)\u202f^([1]), qui donne bob en tchèque, bób en polonais, боб, bob en russe. La racine indoeuropéenne semble un redoublement d'un radical *bha que l’on retrouve dans le grec ancien φάσηλος, phásêlos, l’allemand Bohne, l’anglais bean, le latin baca (« fruit du laurier, baie »).""], 'Fève.']","[{'form': 'fabă', 'tags': ['singular', 'nominative']}, {'form': 'fabae', 'tags': ['plural', 'nominative']}, {'form': 'fabă', 'tags': ['singular', 'vocative']}, {'form': 'fabae', 'tags': ['plural', 'vocative']}, {'form': 'fabăm', 'tags': ['singular', 'accusative']}, {'form': 'fabās', 'tags': ['plural', 'accusative']}, {'form': 'fabae', 'tags': ['singular', 'genitive']}, {'form': 'fabārŭm', 'tags': ['plural', 'genitive']}, {'form': 'fabae', 'tags': ['singular', 'dative']}, {'form': 'fabīs', 'tags': ['plural', 'dative']}, {'form': 'fabā', 'tags': ['singular', 'ablative']}, {'form': 'fabīs', 'tags': ['plural', 'ablative']}]","['fabisme', 'favisme', 'fève', 'fèveraie', 'févette']",[],['-isme'],faba,"[['faba', 'fève'], ['*bhabha', 'fruit sec']]",latin,faba,"['fabisme', 'favisme', 'fève', 'fèveraie', 'févette']"
boire,Verbe,['Mettre un liquide dans sa bouche et l’avaler.'],"['Du latin bĭbĕre (« boire ») qui donne l’ancien français bevvre, beivre, boivre. Le radical bev- (bevons, bevez, bevant) est devenu beuv- puis buv- par labialisation ; beuv- a été conservé dans beuverie (→ voir breuvage).']",['Infinitif de bibo.'],[],"['buvard', 'déboire', 'pourboire', 'reboire', 'bessonner', 'écluser', 'picoler', 's’enivrer', 'imbiber', 'imprégner', 'beuverie', 'boisson', 'breuvage', 'buvable', 'fourbu', 'imbuvable', 'bibition', 'boire', 'bu', 'buvetier', 'buvette', 'buveur', 'buveuse', 'emboire', 'embuvage', 'impotable', 'potabilité', 'potable', 'potion']",[],['bib-'],bib-,"[['bibo', 'boire'], ['bev-', 'boire'], ['beu-', 'boire'], ['bu-', 'boire']]",latin,bebvre,"['buvard', 'déboire', 'pourboire', 'reboire', 'bessonner', 'écluser', 'picoler', 's’enivrer', 'imbiber', 'imprégner', 'beuverie', 'boisson', 'breuvage', 'buvable', 'fourbu', 'imbuvable', 'bibition', 'boire', 'bu', 'buvetier', 'buvette', 'buveur', 'buveuse', 'emboire', 'embuvage', 'impotable', 'potabilité', 'potable', 'potion']"
actinique,Adjectif,['Se dit d’un éclairage qui provoque une réaction chimique et impressionne une pellicule.'],"['Composé du grec ancien ἀκτίς, ἀκτῖνος, aktis, aktinos (« rayon ») et du suffixe -ique.']","[['De lâ€™indo-europÃ©en commun *akt- qui a Ã©galement donnÃ© anksti en lituanien, ğ�Œ¿ğ�Œ·ğ��„ğ��…ğ��‰ uhtwÅ� en gotique, et à¤…à¤•à¥�à¤¤à¥� aktu en sanskrit.'], 'Rayon, rayon de soleil.']","[{'form': 'á¼€ÎºÏ„á¿–Î½ÎµÏ‚', 'tags': ['plural', 'nominative'], 'article': 'Î±á¼±'}, {'form': 'á¼€ÎºÏ„á¿–Î½Îµ', 'tags': ['dual', 'nominative'], 'article': 'Ï„á½¼'}, {'form': 'á¼€ÎºÏ„á¿–Î½ÎµÏ‚', 'tags': ['plural', 'vocative']}, {'form': 'á¼€ÎºÏ„á¿–Î½Îµ', 'tags': ['dual', 'vocative']}, {'form': 'á¼€ÎºÏ„á¿–Î½Î±', 'tags': ['singular', 'accusative'], 'article': 'Ï„á½´Î½'}, {'form': 'á¼€ÎºÏ„á¿–Î½Î±Ï‚', 'tags': ['plural', 'accusative'], 'article': 'Ï„á½°Ï‚'}, {'form': 'á¼€ÎºÏ„á¿–Î½Îµ', 'tags': ['dual', 'accusative'], 'article': 'Ï„á½¼'}, {'form': 'á¼€ÎºÏ„á¿–Î½Î¿Ï‚', 'tags': ['singular', 'genitive'], 'article': 'Ï„á¿†Ï‚'}, {'form': 'á¼€ÎºÏ„Î¯Î½Ï‰Î½', 'tags': ['plural', 'genitive'], 'article': 'Ï„á¿¶Î½'}, {'form': 'á¼€ÎºÏ„Î¯Î½Î¿Î¹Î½', 'tags': ['dual', 'genitive'], 'article': 'Ï„Î¿á¿–Î½'}, {'form': 'á¼€ÎºÏ„á¿–Î½Î¹', 'tags': ['singular', 'dative'], 'article': 'Ï„á¿‡'}, {'form': 'á¼€ÎºÏ„á¿–ÏƒÎ¹(Î½)', 'tags': ['plural', 'dative'], 'article': 'Ï„Î±á¿–Ï‚'}, {'form': 'á¼€ÎºÏ„Î¯Î½Î¿Î¹Î½', 'tags': ['dual', 'dative'], 'article': 'Ï„Î¿á¿–Î½'}]","['inactinique', 'radiable', 'radial', 'radialité', 'radian', 'radiant', 'radiateur', 'radiatif', 'radiation', 'radier', 'radiolaire', 'radiolarite', 'radius', 'radié', 'rayon', 'rayonnage', 'rayonnant', 'rayonnement', 'rayonner', 'rayonnisme', 'rayonniste', 'actinique', 'actinisme', 'actinite']",['Composé'],"['akt-', 'ancien']",actis,"[['akt-', 'rayon'], ['ancien', 'ancien']]",grec ancien,actis,"['inactinique', 'radiable', 'radial', 'radialité', 'radian', 'radiant', 'radiateur', 'radiatif', 'radiation', 'radier', 'radiolaire', 'radiolarite', 'radius', 'radié', 'rayon', 'rayonnage', 'rayonnant', 'rayonnement', 'rayonner', 'rayonnisme', 'rayonniste']"
trousse,Nom commun,['Faisceau de choses liées ensemble.'],['Déverbal de trousser.'],"[['De l’ancien français trusser, apparenté à torser.'], 'Assembler ; lier.']","[{'form': 'trousser', 'tags': ['infinitive', 'present'], 'ipas': ['\\tʁu.se\\'], 'source': 'Conjugaison:français/trousser'}, {'form': 'avoir troussé', 'tags': ['infinitive', 'past'], 'ipas': ['\\a.vwaʁ tʁu.se\\'], 'source': 'Conjugaison:français/trousser'}, {'form': 'en troussant', 'tags': ['gerund', 'present'], 'ipas': ['\\ɑ̃ tʁu.sɑ̃\\'], 'source': 'Conjugaison:français/trousser'}, {'form': 'en ayant troussé', 'tags': ['gerund', 'past'], 'ipas': ['\\ɑ̃.n‿ɛ.jɑ̃ tʁu.se\\'], 'source': 'Conjugaison:français/trousser'}, {'form': 'troussant', 'tags': ['participle', 'present'], 'ipas': ['\\tʁu.sɑ̃\\'], 'source': 'Conjugaison:français/trousser'}, {'form': 'troussé', 'tags': ['participle', 'past'], 'ipas': ['\\tʁu.se\\'], 'source': 'Conjugaison:français/trousser'}, {'form': 'je trousse', 'tags': ['indicative', 'present'], 'ipas': ['\\ʒə tʁus\\'], 'source': 'Conjugaison:français/trousser'}, {'form': 'tu trousses', 'tags': ['indicative', 'present'], 'ipas': ['\\ty tʁus\\'], 'source': 'Conjugaison:français/trousser'}, {'form': 'il/elle/on trousse', 'tags': ['indicative', 'present'], 'ipas': ['\\[il/ɛl/ɔ̃] tʁus\\'], 'source': 'Conjugaison:français/trousser'}, {'form': 'nous troussons', 'tags': ['indicative', 'present'], 'ipas': ['\\nu tʁu.sɔ̃\\'], 'source': 'Conjugaison:français/trousser'}, {'form': 'vous troussez', 'tags': ['indicative', 'present'], 'ipas': ['\\vu tʁu.se\\'], 'source': 'Conjugaison:français/trousser'}, {'form': 'ils/elles troussent', 'tags': ['indicative', 'present'], 'ipas': ['\\[il/ɛl] tʁus\\'], 'source': 'Conjugaison:français/trousser'}, {'form': 'j’ai troussé', 'tags': ['indicative', 'past', 'multiword-construction'], 'ipas': ['\\ʒ‿e tʁu.se\\'], 'source': 'Conjugaison:français/trousser'}, {'form': 'tu as troussé', 'tags': ['indicative', 'past', 'multiword-construction'], 'ipas': ['\\ty a tʁu.se\\'], 'source': 'Conjugaison:français/trousser'}, {'form': 'il/elle/on a troussé', 'tags': ['indicative', 'past', 'multiword-construction'], 'ipas': ['\\[i.l/ɛ.l/ɔ̃.n]‿a tʁu.se\\'], 'source': 'Conjugaison:français/trousser'}, {'form': 'nous avons troussé', 'tags': ['indicative', 'past', 'multiword-construction'], 'ipas': ['\\nu.z‿a.vɔ̃ tʁu.se\\'], 'source': 'Conjugaison:français/trousser'}, {'form': 'vous avez troussé', 'tags': ['indicative', 'past', 'multiword-construction'], 'ipas': ['\\vu.z‿a.ve tʁu.se\\'], 'source': 'Conjugaison:français/trousser'}, {'form': 'ils/elles ont troussé', 'tags': ['indicative', 'past', 'multiword-construction'], 'ipas': ['\\[i/ɛ]l.z‿ɔ̃ tʁu.se\\'], 'source': 'Conjugaison:français/trousser'}, {'form': 'je troussais', 'tags': ['indicative', 'imperfect'], 'ipas': ['\\ʒə tʁu.sɛ\\'], 'source': 'Conjugaison:français/trousser'}, {'form': 'tu troussais', 'tags': ['indicative', 'imperfect'], 'ipas': ['\\ty tʁu.sɛ\\'], 'source': 'Conjugaison:français/trousser'}, {'form': 'il/elle/on troussait', 'tags': ['indicative', 'imperfect'], 'ipas': ['\\[il/ɛl/ɔ̃] tʁu.sɛ\\'], 'source': 'Conjugaison:français/trousser'}, {'form': 'nous troussions', 'tags': ['indicative', 'imperfect'], 'ipas': ['\\nu tʁu.sjɔ̃\\'], 'source': 'Conjugaison:français/trousser'}, {'form': 'vous troussiez', 'tags': ['indicative', 'imperfect'], 'ipas': ['\\vu tʁu.sje\\'], 'source': 'Conjugaison:français/trousser'}, {'form': 'ils/elles troussaient', 'tags': ['indicative', 'imperfect'], 'ipas': ['\\[il/ɛl] tʁu.sɛ\\'], 'source': 'Conjugaison:français/trousser'}, {'form': 'j’avais troussé', 'tags': ['indicative', 'pluperfect'], 'ipas': ['\\ʒ‿a.vɛ tʁu.se\\'], 'source': 'Conjugaison:français/trousser'}, {'form': 'tu avais troussé', 'tags': ['indicative', 'pluperfect'], 'ipas': ['\\ty a.vɛ tʁu.se\\'], 'source': 'Conjugaison:français/trousser'}, {'form': 'il/elle/on avait troussé', 'tags': ['indicative', 'pluperfect'], 'ipas': ['\\[i.l/ɛ.l/ɔ̃.n]‿a.vɛ tʁu.se\\'], 'source': 'Conjugaison:français/trousser'}, {'form': 'nous avions troussé', 'tags': ['indicative', 'pluperfect'], 'ipas': ['\\nu.z‿a.vjɔ̃ tʁu.se\\'], 'source': 'Conjugaison:français/trousser'}, {'form': 'vous aviez troussé', 'tags': ['indicative', 'pluperfect'], 'ipas': ['\\vu.z‿a.vje tʁu.se\\'], 'source': 'Conjugaison:français/trousser'}, {'form': 'ils/elles avaient troussé', 'tags': ['indicative', 'pluperfect'], 'ipas': ['\\[i/ɛ]l.z‿a.vɛ tʁu.se\\'], 'source': 'Conjugaison:français/trousser'}, {'form': 'je troussai', 'tags': ['indicative', 'past'], 'ipas': ['\\ʒə tʁu.se\\'], 'source': 'Conjugaison:français/trousser'}, {'form': 'tu troussas', 'tags': ['indicative', 'past'], 'ipas': ['\\ty tʁu.sa\\'], 'source': 'Conjugaison:français/trousser'}, {'form': 'il/elle/on troussa', 'tags': ['indicative', 'past'], 'ipas': ['\\[il/ɛl/ɔ̃] tʁu.sa\\'], 'source': 'Conjugaison:français/trousser'}, {'form': 'nous troussâmes', 'tags': ['indicative', 'past'], 'ipas': ['\\nu tʁu.sam\\'], 'source': 'Conjugaison:français/trousser'}, {'form': 'vous troussâtes', 'tags': ['indicative', 'past'], 'ipas': ['\\vu tʁu.sat\\'], 'source': 'Conjugaison:français/trousser'}, {'form': 'ils/elles troussèrent', 'tags': ['indicative', 'past'], 'ipas': ['\\[il/ɛl] tʁu.sɛʁ\\'], 'source': 'Conjugaison:français/trousser'}, {'form': 'j’eus troussé', 'tags': ['indicative', 'past', 'anterior'], 'ipas': ['\\ʒ‿y tʁu.se\\'], 'source': 'Conjugaison:français/trousser'}, {'form': 'tu eus troussé', 'tags': ['indicative', 'past', 'anterior'], 'ipas': ['\\ty y tʁu.se\\'], 'source': 'Conjugaison:français/trousser'}, {'form': 'il/elle/on eut troussé', 'tags': ['indicative', 'past', 'anterior'], 'ipas': ['\\[i.l/ɛ.l/ɔ̃.n]‿y tʁu.se\\'], 'source': 'Conjugaison:français/trousser'}, {'form': 'nous eûmes troussé', 'tags': ['indicative', 'past', 'anterior'], 'ipas': ['\\nu.z‿ym tʁu.se\\'], 'source': 'Conjugaison:français/trousser'}, {'form': 'vous eûtes troussé', 'tags': ['indicative', 'past', 'anterior'], 'ipas': ['\\vu.z‿yt tʁu.se\\'], 'source': 'Conjugaison:français/trousser'}, {'form': 'ils/elles eurent troussé', 'tags': ['indicative', 'past', 'anterior'], 'ipas': ['\\[i/ɛ]l.z‿yʁ tʁu.se\\'], 'source': 'Conjugaison:français/trousser'}, {'form': 'je trousserai', 'tags': ['indicative', 'future'], 'ipas': ['\\ʒə tʁu.s(ə.)ʁe\\'], 'source': 'Conjugaison:français/trousser'}, {'form': 'tu trousseras', 'tags': ['indicative', 'future'], 'ipas': ['\\ty tʁu.s(ə.)ʁa\\'], 'source': 'Conjugaison:français/trousser'}, {'form': 'il/elle/on troussera', 'tags': ['indicative', 'future'], 'ipas': ['\\[il/ɛl/ɔ̃] tʁu.s(ə.)ʁa\\'], 'source': 'Conjugaison:français/trousser'}, {'form': 'nous trousserons', 'tags': ['indicative', 'future'], 'ipas': ['\\nu tʁu.s(ə.)ʁɔ̃\\'], 'source': 'Conjugaison:français/trousser'}, {'form': 'vous trousserez', 'tags': ['indicative', 'future'], 'ipas': ['\\vu tʁu.s(ə.)ʁe\\'], 'source': 'Conjugaison:français/trousser'}, {'form': 'ils/elles trousseront', 'tags': ['indicative', 'future'], 'ipas': ['\\[il/ɛl] tʁu.s(ə.)ʁɔ̃\\'], 'source': 'Conjugaison:français/trousser'}, {'form': 'j’aurai troussé', 'tags': ['indicative', 'future', 'perfect'], 'ipas': ['\\ʒ‿o.ʁe tʁu.se\\'], 'source': 'Conjugaison:français/trousser'}, {'form': 'tu auras troussé', 'tags': ['indicative', 'future', 'perfect'], 'ipas': ['\\ty o.ʁa tʁu.se\\'], 'source': 'Conjugaison:français/trousser'}, {'form': 'il/elle/on aura troussé', 'tags': ['indicative', 'future', 'perfect'], 'ipas': ['\\[i.l/ɛ.l/ɔ̃.n]‿o.ʁa tʁu.se\\'], 'source': 'Conjugaison:français/trousser'}, {'form': 'nous aurons troussé', 'tags': ['indicative', 'future', 'perfect'], 'ipas': ['\\nu.z‿o.ʁɔ̃ tʁu.se\\'], 'source': 'Conjugaison:français/trousser'}, {'form': 'vous aurez troussé', 'tags': ['indicative', 'future', 'perfect'], 'ipas': ['\\vu.z‿o.ʁe tʁu.se\\'], 'source': 'Conjugaison:français/trousser'}, {'form': 'ils/elles auront troussé', 'tags': ['indicative', 'future', 'perfect'], 'ipas': ['\\[i/ɛ]l.z‿o.ʁɔ̃ tʁu.se\\'], 'source': 'Conjugaison:français/trousser'}, {'form': 'que je trousse', 'tags': ['subjunctive', 'present'], 'ipas': ['\\kə ʒə tʁus\\'], 'source': 'Conjugaison:français/trousser'}, {'form': 'que tu trousses', 'tags': ['subjunctive', 'present'], 'ipas': ['\\kə ty tʁus\\'], 'source': 'Conjugaison:français/trousser'}, {'form': 'qu’il/elle/on trousse', 'tags': ['subjunctive', 'present'], 'ipas': ['\\k‿[il/ɛl/ɔ̃] tʁus\\'], 'source': 'Conjugaison:français/trousser'}, {'form': 'que nous troussions', 'tags': ['subjunctive', 'present'], 'ipas': ['\\kə nu tʁu.sjɔ̃\\'], 'source': 'Conjugaison:français/trousser'}, {'form': 'que vous troussiez', 'tags': ['subjunctive', 'present'], 'ipas': ['\\kə vu tʁu.sje\\'], 'source': 'Conjugaison:français/trousser'}, {'form': 'qu’ils/elles troussent', 'tags': ['subjunctive', 'present'], 'ipas': ['\\k‿[il/ɛl] tʁus\\'], 'source': 'Conjugaison:français/trousser'}, {'form': 'que j’aie troussé', 'tags': ['subjunctive', 'past'], 'ipas': ['\\kə ʒ‿ɛ tʁu.se\\'], 'source': 'Conjugaison:français/trousser'}, {'form': 'que tu aies troussé', 'tags': ['subjunctive', 'past'], 'ipas': ['\\kə ty ɛ tʁu.se\\'], 'source': 'Conjugaison:français/trousser'}, {'form': 'qu’il/elle/on ait troussé', 'tags': ['subjunctive', 'past'], 'ipas': ['\\k‿[i.l/ɛ.l/ɔ̃.n]‿ɛ tʁu.se\\'], 'source': 'Conjugaison:français/trousser'}, {'form': 'que nous ayons troussé', 'tags': ['subjunctive', 'past'], 'ipas': ['\\kə nu.z‿ɛ.jɔ̃ tʁu.se\\'], 'source': 'Conjugaison:français/trousser'}, {'form': 'que vous ayez troussé', 'tags': ['subjunctive', 'past'], 'ipas': ['\\kə vu.z‿ɛ.je tʁu.se\\'], 'source': 'Conjugaison:français/trousser'}, {'form': 'qu’ils/elles aient troussé', 'tags': ['subjunctive', 'past'], 'ipas': ['\\k‿[i/ɛ]l.z‿ɛ tʁu.se\\'], 'source': 'Conjugaison:français/trousser'}, {'form': 'que je troussasse', 'tags': ['subjunctive', 'imperfect'], 'ipas': ['\\kə ʒə tʁu.sas\\'], 'source': 'Conjugaison:français/trousser'}, {'form': 'que tu troussasses', 'tags': ['subjunctive', 'imperfect'], 'ipas': ['\\kə ty tʁu.sas\\'], 'source': 'Conjugaison:français/trousser'}, {'form': 'qu’il/elle/on troussât', 'tags': ['subjunctive', 'imperfect'], 'ipas': ['\\k‿[il/ɛl/ɔ̃] tʁu.sa\\'], 'source': 'Conjugaison:français/trousser'}, {'form': 'que nous troussassions', 'tags': ['subjunctive', 'imperfect'], 'ipas': ['\\kə nu tʁu.sa.sjɔ̃\\'], 'source': 'Conjugaison:français/trousser'}, {'form': 'que vous troussassiez', 'tags': ['subjunctive', 'imperfect'], 'ipas': ['\\kə vu tʁu.sa.sje\\'], 'source': 'Conjugaison:français/trousser'}, {'form': 'qu’ils/elles troussassent', 'tags': ['subjunctive', 'imperfect'], 'ipas': ['\\k‿[il/ɛl] tʁu.sas\\'], 'source': 'Conjugaison:français/trousser'}, {'form': 'que j’eusse troussé', 'tags': ['subjunctive', 'pluperfect'], 'ipas': ['\\kə ʒ‿ys tʁu.se\\'], 'source': 'Conjugaison:français/trousser'}, {'form': 'que tu eusses troussé', 'tags': ['subjunctive', 'pluperfect'], 'ipas': ['\\kə ty ys tʁu.se\\'], 'source': 'Conjugaison:français/trousser'}, {'form': 'qu’il/elle/on eût troussé', 'tags': ['subjunctive', 'pluperfect'], 'ipas': ['\\k‿[i.l/ɛ.l/ɔ̃.n]‿y tʁu.se\\'], 'source': 'Conjugaison:français/trousser'}, {'form': 'que nous eussions troussé', 'tags': ['subjunctive', 'pluperfect'], 'ipas': ['\\kə nu.z‿y.sjɔ̃ tʁu.se\\'], 'source': 'Conjugaison:français/trousser'}, {'form': 'que vous eussiez troussé', 'tags': ['subjunctive', 'pluperfect'], 'ipas': ['\\kə vu.z‿y.sje tʁu.se\\'], 'source': 'Conjugaison:français/trousser'}, {'form': 'qu’ils/elles eussent troussé', 'tags': ['subjunctive', 'pluperfect'], 'ipas': ['\\k‿[i/ɛ]l.z‿ys tʁu.se\\'], 'source': 'Conjugaison:français/trousser'}, {'form': 'je trousserais', 'tags': ['conditional', 'present'], 'ipas': ['\\ʒə tʁu.s(ə.)ʁɛ\\'], 'source': 'Conjugaison:français/trousser'}, {'form': 'tu trousserais', 'tags': ['conditional', 'present'], 'ipas': ['\\ty tʁu.s(ə.)ʁɛ\\'], 'source': 'Conjugaison:français/trousser'}, {'form': 'il/elle/on trousserait', 'tags': ['conditional', 'present'], 'ipas': ['\\[il/ɛl/ɔ̃] tʁu.s(ə.)ʁɛ\\'], 'source': 'Conjugaison:français/trousser'}, {'form': 'nous trousserions', 'tags': ['conditional', 'present'], 'ipas': ['\\nu tʁu.sə.ʁjɔ̃\\'], 'source': 'Conjugaison:français/trousser'}, {'form': 'vous trousseriez', 'tags': ['conditional', 'present'], 'ipas': ['\\vu tʁu.sə.ʁje\\'], 'source': 'Conjugaison:français/trousser'}, {'form': 'ils/elles trousseraient', 'tags': ['conditional', 'present'], 'ipas': ['\\[il/ɛl] tʁu.s(ə.)ʁɛ\\'], 'source': 'Conjugaison:français/trousser'}, {'form': 'j’aurais troussé', 'tags': ['conditional', 'past'], 'ipas': ['\\ʒ‿o.ʁɛ tʁu.se\\'], 'source': 'Conjugaison:français/trousser'}, {'form': 'tu aurais troussé', 'tags': ['conditional', 'past'], 'ipas': ['\\ty o.ʁɛ tʁu.se\\'], 'source': 'Conjugaison:français/trousser'}, {'form': 'il/elle/on aurait troussé', 'tags': ['conditional', 'past'], 'ipas': ['\\[i.l/ɛ.l/ɔ̃.n]‿o.ʁɛ tʁu.se\\'], 'source': 'Conjugaison:français/trousser'}, {'form': 'nous aurions troussé', 'tags': ['conditional', 'past'], 'ipas': ['\\nu.z‿o.ʁjɔ̃ tʁu.se\\'], 'source': 'Conjugaison:français/trousser'}, {'form': 'vous auriez troussé', 'tags': ['conditional', 'past'], 'ipas': ['\\vu.z‿o.ʁje tʁu.se\\'], 'source': 'Conjugaison:français/trousser'}, {'form': 'ils/elles auraient troussé', 'tags': ['conditional', 'past'], 'ipas': ['\\[i/ɛ]l.z‿o.ʁɛ tʁu.se\\'], 'source': 'Conjugaison:français/trousser'}, {'form': 'trousse', 'tags': ['imperative', 'present'], 'ipas': ['\\tʁus\\'], 'source': 'Conjugaison:français/trousser'}, {'form': 'troussons', 'tags': ['imperative', 'present'], 'ipas': ['\\tʁu.sɔ̃\\'], 'source': 'Conjugaison:français/trousser'}, {'form': 'troussez', 'tags': ['imperative', 'present'], 'ipas': ['\\tʁu.se\\'], 'source': 'Conjugaison:français/trousser'}, {'form': 'aie troussé', 'tags': ['imperative', 'past'], 'ipas': ['\\ɛ tʁu.se\\'], 'source': 'Conjugaison:français/trousser'}, {'form': 'ayons troussé', 'tags': ['imperative', 'past'], 'ipas': ['\\ɛ.jɔ̃ tʁu.se\\'], 'source': 'Conjugaison:français/trousser'}, {'form': 'ayez troussé', 'tags': ['imperative', 'past'], 'ipas': ['\\ɛ.je tʁu.se\\'], 'source': 'Conjugaison:français/trousser'}]","['trousseau', 'trousse']",['Deverbal'],['trus-'],trousse,"[['trusser', 'assembler ; lier.'], ['torser', 'Assembler ; lier.']]",français,trousse,"['trousseau', 'trousse']"
funiculaire,Adjectif,['Qui est mis en mouvement par un ensemble de câbles ou de cordes.'],"['(Nom commun 1)Dérivé de funicule, avec le suffixe -aire.']","[['Du latin funiculus.'], ['Dérivé de funis (« corde »), avec le suffixe -culus.'], ['De l’indo-européen commun *dhū- (« corde »)\u202f^([1]), qui donne θῶμιγξ, thôminx (« corde ») en grec ancien.'], 'Corde, câble.']","[{'form': 'funēs', 'tags': ['plural', 'nominative']}, {'form': 'funēs', 'tags': ['plural', 'vocative']}, {'form': 'funĕm', 'tags': ['singular', 'accusative']}, {'form': 'funēs', 'tags': ['plural', 'accusative']}, {'form': 'funĭs', 'tags': ['singular', 'genitive']}, {'form': 'funiŭm', 'tags': ['plural', 'genitive']}, {'form': 'funī', 'tags': ['singular', 'dative']}, {'form': 'funĭbŭs', 'tags': ['plural', 'dative']}, {'form': 'funĕ', 'tags': ['singular', 'ablative']}, {'form': 'funĭbŭs', 'tags': ['plural', 'ablative']}, {'form': 'fūnis', 'tags': ['canonical']}]","['cordage', 'cordaginet', 'corde', 'cordeler', 'cordelet', 'cordelette', 'cordelier', 'cordelière', 'cordelle', 'corder', 'cordette', 'cordier', 'cordiste', 'cordite', 'cordounette', 'cordé', 'décordage', 'décordement', 'décorder', 'désaccord', 'désaccordage', 'désaccordement', 'désaccorder', 'encordage', 'encordement', 'encorder', 'encordé', 'funiculaire', 'inaccordable', 'monocorde', 'monocordité', 'raccord', 'raccordement', 'raccorder', 'recordage', 'recordation', 'recordement', 'recorder', 'recordé', 'accord', 'accordabilité', 'accordable', 'accordage', 'accordement', 'accorder', 'accordeur', 'accordique']",['Suffixe'],"['funicule', 'funis']",funicule,"[['funis', 'corde'], ['dhū-', 'corde'], ['θῶμιγξ', 'corde'], ['latin', 'corde'], ['indo-européen commun *dhū-', 'corde']]",latin,funicule,"['funiculaire', 'cordage', 'cordaginet', 'corde', 'cordeler', 'cordelet', 'cordelette', 'cordelier', 'cordelière', 'cordelle', 'corder', 'cordette', 'cordier', 'cordiste', 'cordite', 'cordounette', 'cordé', 'décordage', 'décordement', 'décorder', 'désaccord', 'désaccordage', 'désaccordement', 'désaccorder', 'encordage', 'encordement', 'encorder', 'encordé', 'recordage', 'recordation', 'recordement', 'recorder', 'recordé', 'accord', 'accordabilité', 'accordable', 'accordage', 'accordement', 'accorder', 'accordeur', 'accordique']"
dent,Nom commun,"['Petit organe composé d’émail, de dentine et d’une pulpe, enchâssés dans la mâchoire, qui sert à inciser, à déchirer, à mâcher les aliments et à mordre.']","['Du latin dentem, accusatif de dens (même sens).']",['Accusatif singulier de dens.'],[],"['claquedent', 'dentaire', 'dental', 'denté', 'dentelé', 'denteler', 'dentelle', 'dentelure', 'denter', 'denticule', 'dentier', 'dentifrice', 'dentifère', 'dentiforme', 'dentine', 'dentirostre', 'dentiste', 'dentisterie', 'dentition', 'dentu', 'denture', 'endenter', 'édenté', 'édenter', 'indentation', 'indenter', 'surdent', 'trident', 'chaille', 'chicot', 'crochetir', 'croc', 'quenotte', 'densette', 'dent', 'dentelaire', 'dentelet', 'dentellement', 'dentisme', 'endentement', 'interdentaire', 'Dentinette', 'odontite', 'périodontiste']",[],['dens'],,"[['dens', 'même sens']]",latin,dens,"['claquedent', 'dentaire', 'dental', 'denté', 'dentelé', 'denteler', 'dentelle', 'dentelure', 'denter', 'denticule', 'dentier', 'dentifrice', 'dentifère', 'dentiforme', 'dentine', 'dentirostre', 'dentiste', 'dentisterie', 'dentition', 'dentu', 'denture', 'endenter', 'édenté', 'édenter', 'indentation', 'indenter', 'surdent', 'trident', 'chaille', 'chicot', 'crochetir', 'croc', 'quenotte', 'densette', 'dent', 'dentelaire', 'dentelet', 'dentellement', 'dentisme', 'endentement', 'interdentaire', 'Dentinette', 'odontite', 'périodontiste']"
gigantesque,Adjectif,['Qui dépasse considérablement la taille ordinaire.'],"['De l’italien gigantesco, dérivé de gigante (« géant »).']","[['Dérivé de gigante, avec le suffixe -esco.'], ['Du latin gigas, gigantis.'], ['Du latin gigas, gigantis.'], ['Du latin gigas, gigantis.'], ['Du latin gigas, gigantis.'], 'Variante de Gigas.']",[],"['gigantesquement', 'gigantesque', 'gigantesquerie', 'gigantisme', 'géant', 'géanterie', 'géantise', 'géantisme', 'géantitude', 'Géant']",['Suffixation'],['-esco'],gigante,"[['gigante', 'géant'], ['gigas', 'géant'], ['gigantis', 'géant'], ['gigas', 'géant'], ['gigas', 'géant'], ['gigas', 'géant']]",italien,gigante,"['gigantesquement', 'gigantesque', 'gigantesquerie', 'gigantisme', 'géant', 'géanterie', 'géantise', 'géantisme', 'géantitude', 'Géant']"
carnassier,Adjectif,['Qui se nourrit de chair crue et qui en est fort avide.'],['De l’occitan carnassièr.'],"[['Dérivé de carnassa, avec le suffixe -ièr.', 'Forme du dialecte languedocien.'], ['Dérivé de carn, avec le suffixe -assa.'], ['Du latin carnem, accusatif de caro, carnis.'], 'Accusatif singulier de caro.']",[],"['carnassièrement', 'carnivore', 'prédateur', 'herbivore', 'végétarien', 'carnaire', 'carnasserie', 'carnassier', 'carnassière', 'carnier', 'carné', 'chair', 'charnalité', 'charnel', 'charnier', 'charnière', 'charnu', 'créeur', 'décarnisation', 'décarniser', 'décharnement', 'décharner', 'décharné']",['Dérivé de'],"['carnassa', 'carn']",carnassier,"[['carnassièr', 'Forme du dialecte languedocien.'], ['carn', 'Forme du dialecte languedocien.'], ['carnem', 'accusatif de caro, carnis.']]",occitan,carn,"['carnassièrement', 'carnivore', 'prédateur', 'herbivore', 'végétarien', 'carnaire', 'carnasserie', 'carnassier', 'carnassière', 'carnier', 'carné', 'chair', 'charnalité', 'charnel', 'charnier', 'charnière', 'charnu']"
thalassique,Adjectif,"['Marin, aquatique.']",['Du latin thalassicus (« couleur de la mer »).'],"[['Du grec ancien θαλασσικός, thalassikós.'], 'Marin, de la couleur de la mer.']","[{'form': 'thalassică', 'tags': ['singular', 'feminine', 'nominative']}, {'form': 'thalassicum', 'tags': ['singular', 'neuter', 'nominative']}, {'form': 'thalassicī', 'tags': ['plural', 'masculine', 'nominative']}, {'form': 'thalassicae', 'tags': ['plural', 'feminine', 'nominative']}, {'form': 'thalassică', 'tags': ['plural', 'neuter', 'nominative']}, {'form': 'thalassice', 'tags': ['singular', 'masculine', 'vocative']}, {'form': 'thalassică', 'tags': ['singular', 'feminine', 'vocative']}, {'form': 'thalassicum', 'tags': ['singular', 'neuter', 'vocative']}, {'form': 'thalassicī', 'tags': ['plural', 'masculine', 'vocative']}, {'form': 'thalassicae', 'tags': ['plural', 'feminine', 'vocative']}, {'form': 'thalassică', 'tags': ['plural', 'neuter', 'vocative']}, {'form': 'thalassicum', 'tags': ['singular', 'masculine', 'accusative']}, {'form': 'thalassicăm', 'tags': ['singular', 'feminine', 'accusative']}, {'form': 'thalassicum', 'tags': ['singular', 'neuter', 'accusative']}, {'form': 'thalassicōs', 'tags': ['plural', 'masculine', 'accusative']}, {'form': 'thalassicās', 'tags': ['plural', 'feminine', 'accusative']}, {'form': 'thalassică', 'tags': ['plural', 'neuter', 'accusative']}, {'form': 'thalassicī', 'tags': ['singular', 'masculine', 'genitive']}, {'form': 'thalassicae', 'tags': ['singular', 'feminine', 'genitive']}, {'form': 'thalassicī', 'tags': ['singular', 'neuter', 'genitive']}, {'form': 'thalassicōrŭm', 'tags': ['plural', 'masculine', 'genitive']}, {'form': 'thalassicārŭm', 'tags': ['plural', 'feminine', 'genitive']}, {'form': 'thalassicōrŭm', 'tags': ['plural', 'neuter', 'genitive']}, {'form': 'thalassicō', 'tags': ['singular', 'masculine', 'dative']}, {'form': 'thalassicae', 'tags': ['singular', 'feminine', 'dative']}, {'form': 'thalassicō', 'tags': ['singular', 'neuter', 'dative']}, {'form': 'thalassicīs', 'tags': ['plural', 'masculine', 'dative']}, {'form': 'thalassicīs', 'tags': ['plural', 'feminine', 'dative']}, {'form': 'thalassicīs', 'tags': ['plural', 'neuter', 'dative']}, {'form': 'thalassicō', 'tags': ['singular', 'masculine', 'ablative']}, {'form': 'thalassicā', 'tags': ['singular', 'feminine', 'ablative']}, {'form': 'thalassicō', 'tags': ['singular', 'neuter', 'ablative']}, {'form': 'thalassicīs', 'tags': ['plural', 'masculine', 'ablative']}, {'form': 'thalassicīs', 'tags': ['plural', 'feminine', 'ablative']}, {'form': 'thalassicīs', 'tags': ['plural', 'neuter', 'ablative']}]","['maritime', 'thalassique']",[],"['thala-', 'ssi-', 'ko-']",thalassique,"[['thala-', 'couleur de la mer'], ['ssi-', 'marin'], ['ko-', 'ancien grec']]",latin,thalassique,['maritime']
studieux,Adjectif,['Qui aime l’étude ; qui aime à étudier.'],['Du latin studiosus.'],"[['Dérivé de studium (« zèle, ardeur, soin »), avec le suffixe -osus.'], ['Dérivé de studeo (« s’appliquer à, s’occuper avec zèle de »), avec le suffixe -ium.'], ['Avec le préfixe s-, de tundo (« frapper »). Le sens a glissé de « se lancer, se jeter sur » vers « s’appliquer, se dédier à » enfin « étudier ».', 'Apparenté au grec σπεύδω, speúdô (« se hâter, être diligent »)'], 'Favoriser, aimer, prendre le parti de.']",[],"['studieusement', 'instudieux', 'studiosité', 'studieux', 'étude', 'étudier', 'étudié']",['Suffixe'],"['-osus', '-ium', 's-', 'speúdô']",studium,"[['studium', 'zèle, ardeur, soin'], ['studeo', 's’appliquer à, s’occuper avec zèle de'], ['tundo', 'frapper'], ['speúdô', 'se hâter, être diligent'], ['null', 'Favoriser, aimer, prendre le parti de']]",latin,étude,"['studieusement', 'instudieux', 'studiosité', 'étude', 'étudier']"
tasse,Nom commun,"['Récipient pour boire, muni d’une anse.']","['De l’arabe طس, tass (« coupe, écuelle »), lui-même, selon certains, emprunté au persan تشت, tašt (« tasse »), soucoupe, ce qui serait inexact selon Lammens. Les dérivés تشت, tašt et طست, tast, respectivement persan et arabe, sont du même radical « de haute antiquité » arabe : طس, tas. Le mot est probablement passé en français par lintermédiaire de l’italien tazza ou du provençal tassa.']",[],[],"['tassette', 'bol', 'tasse', 'tassetier']",[],['t-'],tas,"[{'étymon': 'arabe', 'sens': 'coupe, écuelle'}, {'étymon': 'persan', 'sens': 'tasse'}]",arabe,,"['tassette', 'bol', 'tassetier']"
nutrition,Nom commun,"[""Métabolisation des nutriments en vue de leur assimilation pour la croissance, l'entretien, le fonctionnement de l'organisme.""]",['Du latin nutritio (« action de nourrir ») de nutrire (« nourrir »).'],"[['Dérivé de nutritum (« nourrir »), avec le suffixe -io.'], 'Supin de nutrio.']",[],"['malnutrition', 'micronutrition', 'nutritionnel', 'nutritionniste', 'diététique', 'nutriment', 'nutritif', 'nourrain', 'nourrette', 'nourri', 'nourrice', 'nourriciat', 'nourricier', 'nourrin', 'nourrir', 'nourrissage', 'nourrissant', 'nourrissement', 'nourrisseur', 'nourriçat', 'nutriciat', 'nutricier', 'nutrition', 'nutritivité']",['Supin'],"['nutrio', 'nutritum']",nutritio,"[['nutritio', 'action de nourrir'], ['nutrio', 'nourrir']]",latin,nutritio,"['malnutrition', 'micronutrition', 'nutritionnel', 'nutritionniste', 'diététique', 'nutriment', 'nutritif', 'nourrain', 'nourrette', 'nourri', 'nourrice', 'nourriciat', 'nourricier', 'nourrin', 'nourrir', 'nourrissage', 'nourrissant', 'nourrissement', 'nourrisseur', 'nourriçat', 'nutriciat', 'nutricier', 'nutrition', 'nutritivité']"
sel,Nom commun,"['Nom courant du chlorure de sodium, composé ionique, friable, soluble dans l’eau, que l’on extrait de la mer, de sources salées, de mines, et dont on se sert surtout pour assaisonner et conserver les aliments.']","['Du moyen français sel, issu de l’ancien français sel, lui-même du latin sāl (« sel, eau de mer, mer, esprit, finesse, plaisanterie piquante, élégance, délicatesse du goût »), issu de l’indo-européen commun *seh₂l-.', 'La racine indo-européenne a également donné sāļš (letton), salt (anglais), salann (gaélique irlandais), sůl (tchèque), Salz (allemand), sól (polonais), halen (gallois), salt (gothique), sal (vieux prussien), salila (sanskrit), salapia (illyrien), etc.', 'Le mot, dans les langues issues de l’indo-européen, est souvent lié à celui de « mer » comme θάλασσα, thálassa en grec, Salacia la déesse de la mer chez les Romains, sea en anglais, etc.']","[[""De l’indo-européen commun *sal, due l'indo-européen commun *séh₂ls (« sel »), dont sont issus le grec ancien ἅλς, háls, le lituanien saldus, le letton sāļš, salt en anglais, Salz en allemand, sůl en tchèque, sól en polonais, etc."", ""Le mot, dans les langues issues de l'indo-européen commun, est souvent lié à celui de « mer » comme salum (« haute mer ») en latin, θάλασσα, thalassa (« mer ») en grec, Salacia la déesse de la mer chez les Romains, sea en anglais, etc.""], 'Sel.']","[{'form': 'salēs', 'tags': ['plural', 'nominative']}, {'form': 'salēs', 'tags': ['plural', 'vocative']}, {'form': 'salem', 'tags': ['singular', 'accusative']}, {'form': 'salēs', 'tags': ['plural', 'accusative']}, {'form': 'salis', 'tags': ['singular', 'genitive']}, {'form': 'salum', 'tags': ['plural', 'genitive']}, {'form': 'salī', 'tags': ['singular', 'dative']}, {'form': 'salibus', 'tags': ['plural', 'dative']}, {'form': 'salĕ', 'tags': ['singular', 'ablative']}, {'form': 'salibus', 'tags': ['plural', 'ablative']}, {'form': 'sale'}]","['RSF', 'sélinot', 'sels', 'sursel', 'salade', 'saladier', 'salaire', 'salarial', 'salariat', 'salarié', 'salarier', 'salant', 'salaison', 'saloir', 'salé', 'salègre', 'saler', 'saleron', 'salière', 'salicole', 'saliculture', 'salifère', 'salifiable', 'salifier', 'salicorne', 'salignon', 'salin', 'saline', 'salinier', 'salinité', 'salorge', 'salpêtre', 'salpêtrière', 'Salzbourg', 'sauce', 'saucer', 'saucier', 'saucière', 'saucisse', 'saucisson', 'saucissonner', 'saucissonnage', 'saugrenu', 'saumâtre', 'saumure', 'saumurage', 'saumurer', 'saunage', 'saunaison', 'sauner', 'saunerie', 'saunier', 'saunière', 'saupoudrer', 'saupoudrage', 'gabelle', 'paludier', 'dessaliniser', 'désalinisation', 'désaliniser', 'insalifiable', 'resalage', 'resaler', 'salage', 'salaisonnier', 'saleur', 'saleuse', 'salification', 'saliniste', 'salinitude', 'salinière', 'saulnier', 'sel', 'SEL']",['FAIL'],['FAIL'],FAIL,['FAIL'],FAIL,FAIL,['FAIL']
thélite,Nom commun,['Inflammation du mamelon.'],"['Du grec ancien θηλή, thêlế (« mamelle ») et -ite.']","[['De θάω, tháō (« sucer, téter »), apparenté au latin fello (« sucer, téter ») ou encore au tchèque dojit (« traire »).'], 'Sein, mamelle.']","[{'form': 'θηλαί', 'tags': ['plural', 'nominative'], 'article': 'αἱ'}, {'form': 'θηλά', 'tags': ['dual', 'nominative'], 'article': 'τὼ'}, {'form': 'θηλαί', 'tags': ['plural', 'vocative']}, {'form': 'θηλά', 'tags': ['dual', 'vocative']}, {'form': 'θηλήν', 'tags': ['singular', 'accusative'], 'article': 'τὴν'}, {'form': 'θηλάς', 'tags': ['plural', 'accusative'], 'article': 'τὰς'}, {'form': 'θηλά', 'tags': ['dual', 'accusative'], 'article': 'τὼ'}, {'form': 'θηλῆς', 'tags': ['singular', 'genitive'], 'article': 'τῆς'}, {'form': 'θηλῶν', 'tags': ['plural', 'genitive'], 'article': 'τῶν'}, {'form': 'θηλαῖν', 'tags': ['dual', 'genitive'], 'article': 'τοῖν'}, {'form': 'θηλῇ', 'tags': ['singular', 'dative'], 'article': 'τῇ'}, {'form': 'θηλαῖς', 'tags': ['plural', 'dative'], 'article': 'ταῖς'}, {'form': 'θηλαῖν', 'tags': ['dual', 'dative'], 'article': 'τοῖν'}]","['thélalgie', 'thélorrhagie', 'thélotisme', 'mammelon', 'thélite']","[""Ajout d'un suffixe""]","['-ite', '-thél-']",thél-,"[['θηλή', 'mamelle'], ['θάω', 'sucer, téter'], ['fello', 'sucer, téter'], ['dojit', 'traire']]",grec ancien,thél-,"['thélalgie', 'thélorrhagie', 'thélotisme', 'mammelon']"
visible,Adjectif,['Qui peut être vu ; qui est l’objet de la vue.'],['Du latin visibilis.'],"[['Dérivé de viso (« voir, viser »), avec le suffixe -bilis.'], [""A priori c'est le fréquentatif de video (« voir ») fait sur son supin visum. Mais le fait qu'il se conjugue à la troisième déclinaison pose problème.""], 'Voir attentivement ou longtemps, examiner, contempler.']",[],"['invisible', 'visiblement', 'caché', 'anti-révisionniste', 'antirevisionniste', 'antirévisionnisme', 'antirévisionniste', 'dévisagement', 'dévisager', 'envisageable', 'envisagement', 'envisager', 'envisagé', 'imprévisibilité', 'imprévisible', 'imprévoyable', 'imprévoyant', 'inenvisageable', 'invisibilité', 'prévisibilité', 'prévisible', 'prévision', 'prévisionnel', 'prévisionnisme', 'prévisionniste', 'prévoir', 'prévoyable', 'prévoyant', 'revisable', 'reviser', 'reviseur', 'reviseuse', 'revisible', 'revision', 'revisionnisme', 'revoir', 'revu', 'revue', 'revuette', 'revuiste', 'révisable', 'réviser', 'réviseur', 'réviseuse', 'révision', 'révisionnel', 'révisionnette', 'révisionnisme', 'révisionniste', 'vis', 'visa', 'visage', 'visagisme', 'visagiste', 'viser', 'visette', 'viseur', 'viseuse', 'visible', 'vision', 'visionnage', 'visionnaire', 'visionnarisme', 'visionnement', 'visionner', 'visionnette', 'visionneur', 'visionneuse', 'visière', 'visualisation', 'visualiser', 'visuel', 'visé', 'visée', 'voir', 'voyage', 'voyager', 'voyageur', 'voyageuse', 'voyagisme', 'voyagiste', 'voyant', 'voyantise', 'voyeur', 'voyeurisme', 'voyeuriste', 'voyeuse', 'vu', 'vue', 'VIS']",['frequentatif'],"['viso', 'video', 'visum']",vis-,"[['viso', 'voir, viser'], ['video', 'voir'], ['visum', 'voir'], ['video', 'voir'], ['visum', 'voir']]",latin,vis-,"['invisible', 'visiblement', 'caché', 'anti-révisionniste', 'antirevisionniste', 'antirévisionnisme', 'antirévisionniste', 'dévisagement', 'dévisager', 'envisageable', 'envisagement', 'envisager', 'envisagé', 'imprévisibilité', 'imprévisible', 'imprévoyable', 'imprévoyant', 'inenvisageable', 'invisibilité', 'prévisibilité', 'prévisible', 'prévision', 'prévisionnel', 'prévisionnisme', 'prévisionniste', 'prévoir', 'prévoyable', 'prévoyant', 'revisable', 'reviser', 'reviseur', 'reviseuse', 'revisible', 'revision', 'revisionnisme', 'revoir', 'revu', 'revue', 'revuette', 'revuiste', 'révisable', 'réviser', 'réviseur', 'réviseuse', 'révision', 'révisionnel', 'révisionnette', 'révisionnisme', 'révisionniste', 'vis', 'visa', 'visage', 'visagisme', 'visagiste', 'viser', 'visette', 'viseur', 'viseuse', 'visible', 'vision', 'visionnage', 'visionnaire', 'visionnarisme', 'visionnement', 'visionner', 'visionnette', 'visionneur', 'visionneuse', 'visière', 'visualisation', 'visualiser', 'visuel', 'visé', 'visée', 'voir', 'voyage', 'voyager', 'voyageur', 'voyageuse', 'voyagisme', 'voyagiste', 'voyant', 'voyantise', 'voyeur', 'voyeurisme', 'voyeuriste', 'voyeuse', 'vu', 'vue', 'VIS']"
ovoïde,Adjectif,['Qui est en forme d’ove ou d’œuf.'],"['Motdérivé de ove, avec le suffixe -oïde.']","[['Du latin ovum (« œuf »).'], ['De l’indo-européen commun *h₂ōwyóm (« œuf ») qui a également donné ᾠόν, ôión en grec ancien, خایه, ẖāya en persan, egg en anglais, etc.', 'Le \\o\\ s’est probablement ouvert dès l’époque latine *ŏvu, pour se modifier ensuite suivant la règle des voyelles accentuées : ŏ > ǫ (bas-empire) > uo (époque romane) → voir uef en ancien français.', 'Le neutre latin est devenu masculin dans les langues romanes. Le pluriel latin ova en -a, devenant uova a changé de genre et est devenue féminin. L’italien a un pluriel irrégulier féminin uova, l’espagnol a hueva, le portugais ova (« frai, ensemble des œufs pondus par un poisson ») qui sont des féminins singuliers avec un sens collectif, le français a ove masculin mais parfois féminin selon le modèle de l’ancien français ove, ueve.'], 'Œuf.']","[{'form': 'ōvum', 'tags': ['singular', 'nominative']}, {'form': 'ōva', 'tags': ['plural', 'nominative']}, {'form': 'ōvum', 'tags': ['singular', 'vocative']}, {'form': 'ōva', 'tags': ['plural', 'vocative']}, {'form': 'ōvum', 'tags': ['singular', 'accusative']}, {'form': 'ōva', 'tags': ['plural', 'accusative']}, {'form': 'ōvī', 'tags': ['singular', 'genitive']}, {'form': 'ōvōrum', 'tags': ['plural', 'genitive']}, {'form': 'ōvō', 'tags': ['singular', 'dative']}, {'form': 'ōvīs', 'tags': ['plural', 'dative']}, {'form': 'ōvō', 'tags': ['singular', 'ablative']}, {'form': 'ōvīs', 'tags': ['plural', 'ablative']}, {'form': 'ōuum'}]",['ovoïde'],['Suffixation'],['-oïde'],ovo,"[['latin', 'œuf'], ['indo-européen commun', 'œuf'], ['grec ancien', 'œuf'], ['persan', 'œuf'], ['anglais', 'œuf'], ['etc.', '']]",latin,ovo,['ovoïde']
mer,Nom commun,['Vaste étendue d’eau salée qui baigne les diverses parties de la terre.'],,[],[],"['amerrir', 'amerrissage', 'ADM', 'MT', 'amarinage', 'amariner', 'amarinite', 'aurantiamarine', 'convallamarine', 'emmariner', 'héliomarin', 'marée', 'marin', 'marinade', 'marinage', 'marine', 'marinesque', 'marinette', 'marinier', 'marinisme', 'mariniste', 'maritime', 'transmarin', 'thalassophobie', 'terre', 'marinité', 'mer', 'sous-marin', 'sous-marinité', 'thalassien']",[],[],mer,[],,mer,"['amerrir', 'amerrissage', 'ADM', 'MT', 'amarinage', 'amariner', 'amarinite', 'aurantiamarine', 'convallamarine', 'emmariner', 'héliomarin', 'marée', 'marin', 'marinade', 'marinage', 'marine', 'marinesque', 'marinette', 'marinier', 'marinisme', 'mariniste', 'maritime', 'transmarin', 'thalassophobie', 'terre', 'marinité', 'sous-marin', 'sous-marinité', 'thalassien']"
pétré,Adjectif,"['Qui est pierreux, rocheux.']","['Du latin Petraea (« Arabie Pétrée »), de petraeus (« de pierre, pierreux »).']","[['Féminin de petraeus (« pierreux »).'], ['Du grec ancien πετραῖος, petraîos (« de pierre »).'], ['Motdérivé de πέτρα, pétra (« pierre »), avec le suffixe -ιος, -ios.'], [""De l'indo-européen *per-trā‑, passage.""], 'Pierre, roche.']","[{'form': 'πετραι', 'tags': ['plural', 'nominative'], 'article': 'αἱ'}, {'form': 'πετραι', 'tags': ['plural', 'vocative']}, {'form': 'πέτραν', 'tags': ['singular', 'accusative'], 'article': 'τὴν'}, {'form': 'πέτρας', 'tags': ['plural', 'accusative'], 'article': 'τὰς'}, {'form': 'πέτρας', 'tags': ['singular', 'genitive'], 'article': 'τῆς'}, {'form': '{{{4}}}ῶν', 'tags': ['plural', 'genitive'], 'article': 'τῶν'}, {'form': 'πέτραιν', 'tags': ['dual', 'genitive'], 'article': 'τοῖν'}, {'form': 'πέτρᾳ', 'tags': ['singular', 'dative'], 'article': 'τῇ'}, {'form': 'πέτραις', 'tags': ['plural', 'dative'], 'article': 'ταῖς'}, {'form': 'πέτραιν', 'tags': ['dual', 'dative'], 'article': 'τοῖν'}, {'form': 'πέτρη', 'raw_tags': ['Grec homérique, ionien']}, {'form': 'πέτρος'}]","['dépierrage', 'dépierrer', 'désempierrer', 'empierrage', 'empierrement', 'empierrer', 'empierré', 'lapidaire', 'lapidarité', 'lapidateur', 'lapidation', 'lapider', 'monolithe', 'monolithique', 'monolithisme', 'perrier', 'perrière', 'pierre', 'pierrette', 'pierreux', 'pierrier', 'pierriste', 'pierrière', 'pierrot', 'pétré']",['dérivé'],"['πέτρα-', 'petra-']",πέτρα,"[['πέτρα', 'pierre'], ['πέτραῖος', 'de pierre'], ['πέτρα', 'pierre'], ['*per-trā-', 'passage'], ['πέτρα', 'pierre']]",grec,pierre,"['dépierrage', 'dépierrer', 'désempierrer', 'empierrage', 'empierrement', 'empierrer', 'empierré', 'lapidaire', 'lapidarité', 'lapidateur', 'lapidation', 'lapider', 'monolithe', 'monolithique', 'monolithisme', 'perrier', 'perrière', 'pierre', 'pierrette', 'pierreux', 'pierrier', 'pierriste', 'pierrière', 'pierrot']"
adipeux,Adjectif,['Qui est de nature graisseuse.'],"['Dérivé savant du latin adeps, adipis (« graisse ») avec le suffixe -eux.']","[[""L'étymologie est incertaine :"", ""soit du proto-italique *adlepa, du indo-européen commun *h₂leybʰ-. Apparenté à l'ombrien ařepes."", 'soit emprunté ou apparenté au grec ancien ἄλειφα, haleipha avec changement du /l/ en /d/ ; d’un radical qui nous a aussi donné lipide via λίπος, lípos.'], 'Graisse, saindoux, suif.']","[{'form': 'adipēs', 'tags': ['plural', 'nominative']}, {'form': 'adipēs', 'tags': ['plural', 'vocative']}, {'form': 'adipem', 'tags': ['singular', 'accusative']}, {'form': 'adipēs', 'tags': ['plural', 'accusative']}, {'form': 'adipis', 'tags': ['singular', 'genitive']}, {'form': 'adipum', 'tags': ['plural', 'genitive']}, {'form': 'adipī', 'tags': ['singular', 'dative']}, {'form': 'adipibus', 'tags': ['plural', 'dative']}, {'form': 'adipĕ', 'tags': ['singular', 'ablative']}, {'form': 'adipibus', 'tags': ['plural', 'ablative']}]","['dégraissage', 'dégraissant', 'dégraissement', 'dégraisser', 'dégraisseur', 'dégraisseuse', 'engrais', 'engraissage', 'engraissement', 'engraisser', 'engraisseur', 'graissage', 'graisse', 'graisser', 'graissette', 'graisseur', 'graisseux', 'graissier', 'graissé', 'grasset', 'rengraisser', 'stéatite', 'adipeux', 'adiposité']",['Suffixation'],['-eux'],adips,"[['adlepa', 'proto-italique *adlepa'], ['h₂leybʰ-', 'indo-européen commun *h₂leybʰ-'], ['ařepes', 'ombrien ařepes'], ['haleipha', 'grec ancien ἄλειφα, haleipha'], ['lípos', 'grec ancien λίπος, lípos']]",latin,adipis,"['dégraissage', 'dégraissant', 'dégraissement', 'dégraisser', 'dégraisseur', 'dégraisseuse', 'engrais', 'engraissage', 'engraissement', 'engraisser', 'engraisseur', 'graissage', 'graisse', 'graisser', 'graissette', 'graisseur', 'graisseux', 'graissier', 'graissé', 'grasset', 'rengraisser', 'stéatite', 'adipeux', 'adiposité']"
céleste,Adjectif,"['Qui appartient au ciel, pris pour l’espace qui semble former une voûte au-dessus de la terre.']","['Du latin caelestis, dérivé de caelum (ciel).']","[['Dérivé de caeles (« ciel »), avec le suffixe -is.'], ['Dérivé de caelum (« ciel »), avec le suffixe -es, littéralement « qui va par le ciel ».'], ['Dérivé de caelum (« ciel »), avec le suffixe -es, littéralement « qui va par le ciel ».'], ['Selon Julius Pokorny, de l’indo-européen commun *(s)kai (« brillant »)\u202f^([1]). Comparez, en grec ancien αἰθήρ, aithḗr (« ciel, éther ») et αἴθαλος, aíthalos (« étincelle »).'], ['Crase de *caed-ulumdérivé de caedo (« couper »), avec le suffixe -ulum.'], 'Ciel, voûte des cieux.']","[{'form': 'caela', 'tags': ['plural', 'nominative']}, {'form': 'caela', 'tags': ['plural', 'vocative']}, {'form': 'caela', 'tags': ['plural', 'accusative']}, {'form': 'caelī', 'tags': ['singular', 'genitive']}, {'form': 'caelōrum', 'tags': ['plural', 'genitive']}, {'form': 'caelō', 'tags': ['singular', 'dative']}, {'form': 'caelīs', 'tags': ['plural', 'dative']}, {'form': 'caelō', 'tags': ['singular', 'ablative']}, {'form': 'caelīs', 'tags': ['plural', 'ablative']}, {'form': 'cael'}, {'form': 'caelus'}, {'form': 'coelum'}, {'form': 'cœlum'}, {'form': 'cælum'}]","['célestement', 'célestiser', 'astre', 'astronomie', 'ciel', 'ouranien', 'céleste', 'célestité']",['FAIL'],['FAIL'],FAIL,['FAIL'],FAIL,FAIL,['FAIL']
céphalaire,Adjectif,['De la grosseur de la tête.'],"['Du grec ancien κεφαλή, képhalê (« tête ») et -aire.']","[['De l’indo-européen commun *ghebh-el (« tête ») qui donne aussi gâble (« fronton ») en français, Giebel (« fronton, pignon ») en allemand.'], 'Tête.']","[{'form': 'κεφαλαί', 'tags': ['plural', 'nominative'], 'article': 'αἱ'}, {'form': 'κεφαλά', 'tags': ['dual', 'nominative'], 'article': 'τὼ'}, {'form': 'κεφαλαί', 'tags': ['plural', 'vocative']}, {'form': 'κεφαλά', 'tags': ['dual', 'vocative']}, {'form': 'κεφαλήν', 'tags': ['singular', 'accusative'], 'article': 'τὴν'}, {'form': 'κεφαλάς', 'tags': ['plural', 'accusative'], 'article': 'τὰς'}, {'form': 'κεφαλά', 'tags': ['dual', 'accusative'], 'article': 'τὼ'}, {'form': 'κεφαλῆς', 'tags': ['singular', 'genitive'], 'article': 'τῆς'}, {'form': 'κεφαλῶν', 'tags': ['plural', 'genitive'], 'article': 'τῶν'}, {'form': 'κεφαλαῖν', 'tags': ['dual', 'genitive'], 'article': 'τοῖν'}, {'form': 'κεφαλῇ', 'tags': ['singular', 'dative'], 'article': 'τῇ'}, {'form': 'κεφαλαῖς', 'tags': ['plural', 'dative'], 'article': 'ταῖς'}, {'form': 'κεφαλαῖν', 'tags': ['dual', 'dative'], 'article': 'τοῖν'}]","['bi-céphalité', 'bicéphale', 'bicéphalisme', 'capitainat', 'capitaine', 'capitan', 'capitanat', 'capitane', 'capitat', 'chef', 'chefariat', 'chefecier', 'cheffat', 'chefforat', 'cheftainat', 'cheftaine', 'cheftanat', 'chevecier', 'chevet', 'céphalaire', 'céphalien', 'dicéphale', 'décapitation', 'décapiter', 'entêtant', 'entêtement', 'entêter', 'entêté', 'monocéphale', 'monocéphalien', 'monocéphalité', 'octocéphale', 'paracéphalien', 'polycéphale', 'tête', 'têtier', 'têtière', 'têtu', 'têtusité', 'têtutesse', 'acéphale', 'acéphalien']",['Ajout'],['-aire'],κεφαλή,"[['κεφαλή', 'De la grosseur de la tête.'], ['ghebh-el', 'Tête.']]",grec ancien,céphalaire,"['bi-céphalité', 'bicéphale', 'bicéphalisme', 'capitainat', 'capitaine', 'capitan', 'capitanat', 'capitane', 'capitat', 'chef', 'chefariat', 'chefecier', 'cheffat', 'chefforat', 'cheftainat', 'cheftaine', 'cheftanat', 'chevecier', 'chevet', 'dicéphale', 'décapitation', 'décapiter', 'entêtant', 'entêtement', 'entêter', 'entêté', 'monocéphale', 'monocéphalien', 'monocéphalité', 'octocéphale', 'paracéphalien', 'polycéphale', 'tête', 'têtier', 'têtière', 'têtu', 'têtusité', 'têtutesse', 'acéphale', 'acéphalien']"
myrmicéen,Adjectif,['Relatif aux fourmis.'],"['Du grec ancien μύρμηξ, mýrmêx (« fourmi »).']","[['Apparenté à μύρμος, au latin formica, au tchèque mravenec, de l’indo-européen commun *mur- ; voir μορμώ, mormō (« monstre marin »).'], 'Fourmi.']","[{'form': 'μύρμηκες', 'tags': ['plural', 'nominative'], 'article': 'οἱ'}, {'form': 'μύρμηκε', 'tags': ['dual', 'nominative'], 'article': 'τὼ'}, {'form': 'μύρμηκες', 'tags': ['plural', 'vocative']}, {'form': 'μύρμηκε', 'tags': ['dual', 'vocative']}, {'form': 'μύρμηκα', 'tags': ['singular', 'accusative'], 'article': 'τὸν'}, {'form': 'μύρμηκας', 'tags': ['plural', 'accusative'], 'article': 'τοὺς'}, {'form': 'μύρμηκε', 'tags': ['dual', 'accusative'], 'article': 'τὼ'}, {'form': 'μύρμηκος', 'tags': ['singular', 'genitive'], 'article': 'τοῦ'}, {'form': 'μυρμήκων', 'tags': ['plural', 'genitive'], 'article': 'τῶν'}, {'form': 'μυρμήκοιν', 'tags': ['dual', 'genitive'], 'article': 'τοῖν'}, {'form': 'μύρμηκι', 'tags': ['singular', 'dative'], 'article': 'τῷ'}, {'form': 'μύρμηκι(ν)', 'tags': ['plural', 'dative'], 'article': 'τοῖς'}, {'form': 'μυρμήκοιν', 'tags': ['dual', 'dative'], 'article': 'τοῖν'}, {'form': 'μύρμαξ', 'raw_tags': ['Dorien']}]","['formique', 'biforme', 'fourmi', 'fourmiette', 'fourmilier', 'fourmilière', 'fourmillant', 'fourmillement', 'fourmiller', 'myrmicéen', 'Fourminette']",[],"['μύρμη-', 'form-', 'myr-']",μύρμη-,"[['μύρμηξ', 'Relatif aux fourmis.'], ['μορμώ', 'monstre marin']]",grec ancien,myrmex,"['formique', 'biforme', 'fourmi', 'fourmiette', 'fourmilier', 'fourmilière', 'fourmillant', 'fourmillement', 'fourmiller', 'myrmicéen', 'Fourminette']"
table,Nom commun,"['Surface plane de bois, de pierre, de marbre, etc., posée sur un ou plusieurs pieds et qui sert à divers usages.']","['Du latin tabŭla (« planche, planchette »). Des divers usages de cette planche originelle (meuble, partie plane de certains objets, tablette pour écrire) sont issus les différents sens actuels.']","[['Peut-êtredérivé de tabes (« fonte [de la cire] »), avec le suffixe -ula.'], ['Dérivé de tabeo (« liquéfier, fondre »), avec le suffixe -es\u202f^([1]), ou apparenté\u202f^([2]) au grec ancien τήκω, tekô (« fondre »), ἐτάκην avec le même suffixe que dans plebes, pubes.', 'Comparez avec tání (« fonte, fusion ») en tchèque.'], ['De l’indo-européen commun *ta- (« fondre, couler »), qui donne le tchèque tát (« fondre, en parlant de la neige »), tavit (« fondre un métal »). À ce radical se rattachent divers hydronymes dont Tiberis (« le Tibre », fleuve qui arrose Rome).'], 'Fondre, se liquéfier, se décomposer, se désagréger.']",[],"['attabler', 'attablement', 'DST', 'entablement', 'établi', 'établir', 'établissement', 'minitable', 'retable', 'rétabli', 'rétablir', 'rétablissement', 'tableau', 'tabler', 'tablette', 'tabuler', 'tabulation', 'entabler', 'tabellaire', 'tablage', 'table', 'tableur', 'tablier', 'tabulaire', 'tabularité', 'Table']",['Suffixation'],"['-ula', '-es', '-o', '-es^(1)', '-es^(2)', '-e', '-a', '-i', '-aire', '-age', '-ier', '-ement', '-ement', '-ur', '-ier', '-aire', '-ite', '-ier', '-aire', '-age', '-ement', '-aire', '-ement', '-age', '-au', '-aire', '-aire', '-age', '-au', '-aire', '-age', '-au', '-aire', '-age', '-au', '-aire', '-age']",tab,"[['tab', 'planche, planchette'], ['tabes', 'fonte [de la cire]'], ['tabeo', 'liquéfier, fondre'], ['tékō', 'fondre'], ['tát', 'fondre, en parlant de la neige'], ['tavit', 'fondre un métal'], ['tiberis', 'le Tibre'], ['tát', 'fondre, en parlant de la neige'], ['tavit', 'fondre un métal']]",latin,table,"['attabler', 'attablement', 'DST', 'entablement', 'établi', 'établir', 'établissement', 'minitable', 'retable', 'rétabli', 'rétablir', 'rétablissement', 'tableau', 'tabler', 'tablette', 'tabuler', 'tabulation', 'entabler', 'tabellaire', 'tablage', 'table', 'tableur', 'tablier', 'tabulaire', 'tabularité']"
siège,Nom commun,['Meuble utilisé pour s’asseoir.'],"['Du latin sediculum (« siège, chaise, banquette ») diminutif de sedes, devenu en bas latin *sedicum de là siège. Il est lié au verbe latin sedere (« asseoir »).']","[['Dérivé de sedes (« siège »), avec le suffixe -culum, forme collatérale neutre\u202f^([1]) de sēdēcŭla.'], ['Dérivé de sedeo, avec le suffixe -es.'], ['De l’indo-européen commun *sed- (en) apparenté au grec ἕζομαι, hézomai (« s’asseoir »), au lituanien sėdėti, au russe сидеть, sideť, à l’anglais sit', ""Voyez également sido (« s’asseoir »), sedo (« asseoir, calmer ») et leurs composés avec lequel sedere (« être assis ») est dans un étroit rapport ; on peut d'ailleurs voir sedeo comme undérivé de sedo, avec le suffixe -eo.""], 'passif Être assis.']",[],"['assiéger', 'siéger', 'télésiège', 'cul', 'derrière', 'fondement', 'blocus', 'coussiège', 'sédile', 'multisiège', 'siège']",['Dérivé de'],"['sedeo', 'sed-']",sedere,"[['sedes', 'siège'], ['sēdēcŭla', 'siège'], ['sedeo', 'être assis'], ['sedo', 's’asseoir'], ['sido', 's’asseoir'], ['sedeo', 'être assis']]",latin,sedeo,"['assiéger', 'siéger', 'télésiège', 'cul', 'derrière', 'fondement', 'blocus', 'coussiège', 'sédile', 'multisiège']"
potable,Adjectif,"[""Que l'on peut boire sans danger pour la santé, ou sans répugnance.""]","['Du latin potabilis (« qui peut être bu, potable »), dérivé de potare (« boire »).']","[['Dérivé de poto, avec le suffixe -bilis.'], ['Fréquentatif de bibo (« boire ») fait sur son parfait potus. On retrouve le radical indo-européen commun *po du mot dans le grec ancien πέπωκα, pépôka (« boire »), dérivé de πίνω, píno.'], 'Datif singulier de pinus.']",[],"['potablement', 'potabilité', 'comestible', 'bibition', 'boire', 'bu', 'buvable', 'buvard', 'buvetier', 'buvette', 'buveur', 'buveuse', 'emboire', 'embuvage', 'imbuvable', 'impotable', 'potable', 'potion', 'reboire']",['Frequentatif'],"['bibo', 'pot-']",pot-,"[['bibo', 'boire'], ['poto', 'boire'], ['potus', 'boire'], ['πίνω', 'boire']]",latin,pot-,"['potablement', 'potabilité', 'comestible', 'bibition', 'boire', 'bu', 'buvable', 'buvard', 'buvetier', 'buvette', 'buveur', 'buveuse', 'emboire', 'embuvage', 'imbuvable', 'impotable', 'potion', 'reboire']"
corps,Nom commun,['Portion de matière qui forme un tout individuel et distinct.'],['Du latin corpus (même sens)\u202f; cors (début du XIIᵉ siècle).'],"[['Apparenté à creo, au grec ancien πραπίς, prapís (« esprit »), au sanscrit कृप्, kṛ́p (« belle forme, apparence »), à l’anglais midriff (« ventre »).'], 'Corps physique vivant ou non, élément, substance.']","[{'form': 'corpora', 'tags': ['plural', 'nominative']}, {'form': 'corpora', 'tags': ['plural', 'vocative']}, {'form': 'corpora', 'tags': ['plural', 'accusative']}, {'form': 'corporis', 'tags': ['singular', 'genitive']}, {'form': 'corporum', 'tags': ['plural', 'genitive']}, {'form': 'corporī', 'tags': ['singular', 'dative']}, {'form': 'corporibus', 'tags': ['plural', 'dative']}, {'form': 'corporĕ', 'tags': ['singular', 'ablative']}, {'form': 'corporibus', 'tags': ['plural', 'ablative']}]","['bicorps', 'corporalité', 'corporatisme', 'corporatiste', 'corporéité', 'monocorps', 'tricorps', 'chasse', 'panse', 'robe', 'cadre', 'corporel', 'corporellement', 'incorporel', 'corporatif', 'corporation', 'corpulent', 'corpulence', 'corpus', 'corpuscule', 'corpusculaire', 'incorporer', 'corsage', 'corset', 'corser', 'anticorps', 'corporisation', 'corporiser', 'corps', 'corselet', 'corsetage', 'corseter', 'corsetier', 'corsé', 'incorporalité', 'métasomatisme', 'somatisation', 'somatiser']",[],"['creo', 'πραπίς', 'कृप्']",corpus,"[['latin', 'Portion de matière qui forme un tout individuel et distinct.'], ['grec ancien', 'esprit'], ['sanskrit', 'belle forme, apparence'], ['anglais', 'ventre']]",latin,corps,"['bicorps', 'corporalité', 'corporatisme', 'corporatiste', 'corporéité', 'monocorps', 'tricorps', 'chasse', 'panse', 'robe', 'cadre', 'corporel', 'corporellement', 'incorporel', 'corporatif', 'corporation', 'corpulent', 'corpulence', 'corpus', 'corpuscule', 'corpusculaire', 'incorporer', 'corsage', 'corset', 'corser', 'anticorps', 'corporisation', 'corporiser', 'corps', 'corselet', 'corsetage', 'corseter', 'corsetier', 'corsé', 'incorporalité', 'métasomatisme', 'somatisation', 'somatiser']"
chaise,Nom commun,"['Siège avec dossier, sans accoudoirs.']","['De chaire par assibilation dialectale du \\r\\ intervocalique ; plus avant, du latin cathedra.', 'Dans les toponymes ou noms de bâtiments (→ voir Lachaise, La Chaise-Dieu, Chaise-Dieu-du-Theil, La Chaise-Baudouin et La Chaise), issu du latin casa (« maison »).']","[['Du grec ancien καθέδρα, kathédra.'], ['Motcomposé de κατά, katá et de ἕδρα, hédra (« siège »).'], ['De l’indo-européen commun *km̥ta\u202f^([1]) (« en outre, contre »), kunder en albanais, dérivé de *kom qui donne le latin cum, contra.'], ['De l’indo-européen commun *km̥ta\u202f^([1]) (« en outre, contre »), kunder en albanais, dérivé de *kom qui donne le latin cum, contra.'], 'De haut en bas.']",[],"['chaisier', 'chaisière', 'minichaise', 'seize', 'chaise', 'chaisette', 'chaisounette']",[],"['κατά', 'ἕδρα', 'km̥ta\\u202f^([1])', 'kom', 'kata']",chaise,"[['grec ancien', 'siège'], ['indo-européen commun', 'en outre, contre'], ['albanais', 'en outre, contre'], ['latin', 'en outre, contre']]",grec ancien,chaise,"['chaisier', 'chaisière', 'minichaise', 'seize', 'chaise', 'chaisette', 'chaisounette']"
région,Nom commun,['Vaste territoire ; étendue de pays.'],"[""Du latin regio, lui-même de regere. Au XIIᵉ siècle, signifie « pays ». Comparez l'ancien français royon, rëon, reiun, hérités du même étymon.""]","[['Dérivé de rego, avec le suffixe -io. Les noms en -io se forment sur le supin des verbes, de rego (« diriger, mener, gouverner ») dont le supin est rectum, nous avons rectio (« direction, administration, gouvernement »).', 'Regio est issu, sur le même mode, d’un verbe *regere (« faire droit, rendre droit ») qui est devenu rigeo, rigere (« raidir ») dont dérive erigo (« mettre droit : ériger »).'], ['De lâ€™indo-europÃ©en commun *reÄ�- (Â« droit, juste, roi Â»)â€¯^([1]), qui donne aussi rogo, rogus, rigeo, le grec ancien á½€Ï�Î\xadÎ³Ï‰, orÃ©gÃ´, le gotique ğ��‚ğ�Œ´ğ�Œ¹ğ�Œºğ��ƒ, reiks (Â« roi Â»), dont dÃ©rivent Reich, Recht, le gaulois rix a donnÃ© naissance au breton reizh (Â« droit Â»), et est attestÃ© en latin sous les formes empruntes au gaulois Vercingeto-rix, Rigo-magum.', ""Les idÃ©esâ€¯^([2]) Â« diriger Â» et Â« commander Â» sont deux idÃ©es voisines que le verbe regere exprime lâ€™une et lâ€™autre : regere sagittas, regere exercitum. Lâ€™idÃ©e de direction se trouve, par exemple, dans rectio, celle de commander dans regnum. Les composÃ©s pergo, surgo ont Ã©tÃ© traitÃ©s comme des verbes simples, et ont Ã\xa0 leur tour donnÃ© naissance Ã\xa0 de nombreux composÃ©s. Au sujet de la voyelle longue de rex, regis â†’ voir lex et pax. Regina est proprement le fÃ©minin d'un adjectif *reginus fait comme divinus, vicinus. Au propre rectus signifie Â« droit, bon Â» et a pour contraire pravus.""], 'Diriger, mener.']",[],"['écorégion', 'eurorégion', 'ROM', 'régionnaire', 'régionalisation', 'régionaliser', 'régionalisme', 'régionaliste', 'coin', 'environ', 'regio', 'région', 'régional', 'régionalitude', 'régionalité', 'Région']",['Suffixation'],"['-io', '-re']",reg-,"[['rego', 'diriger, mener'], ['rectum', 'direction, administration, gouvernement'], ['regeo', 'rendre droit'], ['regere', 'diriger, mener'], ['regio', 'pays'], ['rex', 'roi'], ['reginus', 'royal'], ['divinus', 'divin'], ['vicinus', 'proche'], ['rectus', 'droit, bon'], ['pravus', 'mauvais']]",latin,reg-,"['écorégion', 'eurorégion', 'ROM', 'régionnaire', 'régionalisation', 'régionaliser', 'régionalisme', 'régionaliste', 'coin', 'environ', 'regio', 'régional', 'régionalitude', 'régionalité', 'Région']"
foliacé,Adjectif,"['Qui est de la nature des feuilles, qui a l’apparence d’une feuille.']",['Du latin foliaceus (« en forme de feuille »).'],"[['Dérivé de folium (« feuille »), avec le suffixe -aceus'], ['Apparenté à flos (« fleur »), de l’indo-européen commun *bʰleh₃- (« fleur, bourgeon »)\u202f^([1]), qui donne φύλλον, phýllon (« feuille ») en grec ancien, blossom et bloom en anglais, etc.'], 'Feuille.']","[{'form': 'folia', 'tags': ['plural', 'nominative']}, {'form': 'folia', 'tags': ['plural', 'vocative']}, {'form': 'folia', 'tags': ['plural', 'accusative']}, {'form': 'foliī', 'tags': ['singular', 'genitive']}, {'form': 'foliōrum', 'tags': ['plural', 'genitive']}, {'form': 'foliō', 'tags': ['singular', 'dative']}, {'form': 'foliīs', 'tags': ['plural', 'dative']}, {'form': 'foliō', 'tags': ['singular', 'ablative']}, {'form': 'foliīs', 'tags': ['plural', 'ablative']}]","['foliesque', 'folliforme', 'défeuillage', 'défeuillaison', 'défeuillement', 'défeuiller', 'défoliation', 'défolier', 'enfeuiller', 'feuillage', 'feuillagiste', 'feuillaison', 'feuille', 'feuiller', 'feuilleret', 'feuillet', 'feuilletage', 'feuilletement', 'feuilleter', 'feuilleteur', 'feuillette', 'feuilleté', 'feuilliste', 'feuillu', 'feuillère', 'foliacé', 'foliaire', 'folié', 'phyllie', 'phyllien', 'quadrifolié', 'triphylle', 'unifolié']",['Suffixation'],['-aceus'],folium,"[['folium', 'feuille'], ['bʰleh₃-', 'fleur, bourgeon'], ['flos', 'fleur']]",latin,feuille,"['foliesque', 'folliforme', 'défeuillage', 'défeuillaison', 'défeuillement', 'défeuiller', 'défoliation', 'défolier', 'enfeuiller', 'feuillage', 'feuillagiste', 'feuillaison', 'feuille', 'feuiller', 'feuilleret', 'feuillet', 'feuilletage', 'feuilletement', 'feuilleter', 'feuilleteur', 'feuillette', 'feuilleté', 'feuilliste', 'feuillu', 'feuillère']"
polyadelphe,Adjectif,['Qui appartient à la polyadelphie.'],"['Motdérivé de adelphe (« frère »), avec le préfixe poly- (« plusieurs »).']","[['Du grec ancien ἀδελφός, adelphós (« utérin, frère ou sœur »), issu de δελφύς, delphýs (« utérus, matrice »).'], ['Du grec ancien ἀδελφός, adelphós (« utérin, frère ou sœur »), issu de δελφύς, delphýs (« utérus, matrice »).'], ['Motdérivé de δελφύς, delphýs (« matrice, utérus »), avec le préfixe ἀ-, a- (« en- »).'], ['Motdérivé de δελφύς, delphýs (« matrice, utérus »), avec le préfixe ἀ-, a- (« en- »).'], ['Apparenté au sanskrit गर्भ, garbha (« matrice, fœtus, bébé, enfant »), au vieux slave жрѣбѧ, žrěbę (« poulain »), de l’indo-européen commun *gʷelbʰ- (« matrice, petit (de l’homme, d’un animal) ») ; de là δέλφος, délphos (« cochon »), δέλφαξ, délphax (« cochon »), δελφίς, delphís (« dauphin, cochon de mer »), Δελφοί, Delphoí (« Delphes »).'], 'Matrice.']","[{'form': 'δελφύες', 'tags': ['plural', 'nominative'], 'article': 'αἱ'}, {'form': 'δελφύε', 'tags': ['dual', 'nominative'], 'article': 'τὼ'}, {'form': 'δελφύ', 'tags': ['singular', 'vocative']}, {'form': 'δελφύες', 'tags': ['plural', 'vocative']}, {'form': 'δελφύε', 'tags': ['dual', 'vocative']}, {'form': 'δελφύν', 'tags': ['singular', 'accusative'], 'article': 'τὴν'}, {'form': 'δελφῦς', 'tags': ['plural', 'accusative'], 'article': 'τὰς'}, {'form': 'δελφύε', 'tags': ['dual', 'accusative'], 'article': 'τὼ'}, {'form': 'δελφύος', 'tags': ['singular', 'genitive'], 'article': 'τῆς'}, {'form': 'δελφύων', 'tags': ['plural', 'genitive'], 'article': 'τῶν'}, {'form': 'δελφύοιν', 'tags': ['dual', 'genitive'], 'article': 'τοῖν'}, {'form': 'δελφύϊ', 'tags': ['singular', 'dative'], 'article': 'τῇ'}, {'form': 'δελφύσι(ν)', 'tags': ['plural', 'dative'], 'article': 'ταῖς'}, {'form': 'δελφύοιν', 'tags': ['dual', 'dative'], 'article': 'τοῖν'}, {'form': 'δολφός'}]","['diadelphe', 'diadelphique', 'fraternaliste', 'fraternalité', 'fraternel', 'fraternisation', 'fraterniser', 'frère', 'frérette', 'polyadelphe', 'adelphat']",['Préfixe'],"['δ-', 'ἀ-']",δελφύς,"[['δελφός', 'utérin, frère ou sœur'], ['δελφύς', 'matrice, utérus']]",grec ancien,adelphe,"['diadelphe', 'diadelphique', 'fraternaliste', 'fraternalité', 'fraternel', 'fraternisation', 'fraterniser', 'frère', 'frérette']"
oblation,Nom commun,"['Offrande, action par laquelle on offre quelque chose à Dieu.']","['Du latin oblatio (« offrande »).', 'oblatiun.']","[['De oblatus avec le suffixe -io.'], 'Oblation, don.']","[{'form': 'oblationēs', 'tags': ['plural', 'nominative']}, {'form': 'oblationēs', 'tags': ['plural', 'vocative']}, {'form': 'oblationem', 'tags': ['singular', 'accusative']}, {'form': 'oblationēs', 'tags': ['plural', 'accusative']}, {'form': 'oblationis', 'tags': ['singular', 'genitive']}, {'form': 'oblationum', 'tags': ['plural', 'genitive']}, {'form': 'oblationī', 'tags': ['singular', 'dative']}, {'form': 'oblationibus', 'tags': ['plural', 'dative']}, {'form': 'oblationĕ', 'tags': ['singular', 'ablative']}, {'form': 'oblationibus', 'tags': ['plural', 'ablative']}]","['oblationnaire', 'oblat', 'oblatif', 'oblativité', 'oblature', 'oblateur', 'oblation', 'offrande', 'offrant', 'offre', 'offreur', 'offreuse', 'offrir']",[],['io'],oblati,"[['oblatus', 'Donateur'], ['oblatus', 'Don']]",latin,oblatus,"['oblationnaire', 'oblat', 'oblatif', 'oblativité', 'oblature', 'oblateur']"
gravidisme,Nom commun,['Ensemble des conditions que présente la femme enceinte durant sa grossesse.'],"['Dérivé de gravide, avec le suffixe -isme.']","[['Du latin gravida (« enceinte »), de gravis (« lourd »).'], 'Féminin de gravidus.']",[],"['ceindre', 'ceint', 'déceindre', 'enceindre', 'enceinte', 'gravidisme']",['Suffixe'],"['grave', 'feminin']",gravide,"[['latin', 'enceinte', '« enceinte »'], ['latin', 'gravis', '« lourd »']]",latin,gravidus,"['ceindre', 'ceint', 'déceindre', 'enceindre', 'enceinte']"
sigillaire,Adjectif,"['En forme de sceau, relatif aux sceaux.']","['Du latin sigillum (« sceau »), diminutif de signum (« signe ») avec le suffixe -aire.']","[['Dérivé de signum, avec le suffixe -illum.'], ['Le Dictionnaire étymologique latin explique :', 'Signum est arrivé au sens de « statue » par l’idée de représentation → voir simulacrum. Le mot se prononçait \\sinɡ.num\\, d’où le français seing. On trouve, en effet, SINGNVM dans des inscriptions.', ""L’origine de signum est incertaine : le mot a l’air d'être formé comme lignum (« fagot de bois », de lego, « ramasser, cueillir »), ou tignum (« poutre, solive », de tego, « couvrir ») mais le verbe dont il provient est perdu."", 'Julius Pokorny l’apparente à secare (« couper ») ; complétant l’hypothèse précédente, comparer avec socha (« statue ») en tchèque, apparenté à sekat. Il y a un mot intermédiaire entre secare et signum qui est sigmentum, variante de segmentum, utilisé au sens de signum : « image, statue ».'], 'Signe, marque, empreinte, indice, indication, preuve.']","[{'form': 'signa', 'tags': ['plural', 'nominative']}, {'form': 'signa', 'tags': ['plural', 'vocative']}, {'form': 'signa', 'tags': ['plural', 'accusative']}, {'form': 'signī', 'tags': ['singular', 'genitive']}, {'form': 'signōrum', 'tags': ['plural', 'genitive']}, {'form': 'signō', 'tags': ['singular', 'dative']}, {'form': 'signīs', 'tags': ['plural', 'dative']}, {'form': 'signō', 'tags': ['singular', 'ablative']}, {'form': 'signīs', 'tags': ['plural', 'ablative']}]","['sceau', 'scellage', 'scellement', 'sceller', 'scelleur', 'scellé', 'sigillaire', 'sigillé']",['diminutif'],"['-illum', '-aire']",signum,"[['signum', 'signe'], ['lego', 'ramasser, cueillir'], ['tego', 'couvrir'], ['secare', 'couper'], ['socha', 'statue'], ['sekat', 'sceller'], ['sigmentum', 'image, statue']]",latin,signum,"['sceau', 'scellage', 'scellement', 'sceller', 'scelleur', 'scellé', 'sigillaire', 'sigillé']"
chat,Nom commun 1,"['Mammifère carnivore félin de taille moyenne, au museau court et arrondi, domestiqué, apprivoisé ou encore à l’état sauvage.']","['Du moyen français chat, de l’ancien français chat, du bas latin cattus « chat (domestique) », mot que certains rapprochent du copte (bohaïrique) ϣⲁⲩ, šau « matou », peut-être issu de l’égyptien moyen tešau « chatte ». Le classique felis, feles désignait le chat sauvage d’Europe (Felis silvestris silvestris).']",[],[],"['anarchat', 'cataire', 'chatricide', 'chataire', 'chatière', 'chatillon', 'chatoiement', 'chaton', 'chatonner', 'chatoyant', 'chatoyer', 'chatron', 'chatte', 'chattement', 'chattemite', 'chattepeleuse', 'chattepelouse', 'chatteplouse', 'chatter', 'chatterie', 'déchatonner', 'enchatonnement', 'enchatonner', 'entrechat', 'greffier', 'Grippeminaud', 'minet', 'mistigri', 'Raminagrobis', 'matou', '🐈', '😸', '😼', '😽', '🙀', 'ailurophile', 'ailurophobe', 'ailurophobie', 'ailourophobie', 'feuler', 'feulement', 'galéphobie', 'miauler', 'miaulement', 'ronronner', 'ronronnement', 'chat', 'chater', 'chattounette', 'Chaminette', 'Chat', 'félin', 'félinité', 'tchat', 'tchate', 'tchater']",[],['cat-'],chat,"[['cattus', 'chat (domestique)'], ['bohaïrique', 'matou'], ['égyptien moyen', 'chatte']]",latin,chat,"['anarchat', 'cataire', 'chatricide', 'chataire', 'chatière', 'chatillon', 'chatoiement', 'chaton', 'chatonner', 'chatoyant', 'chatoyer', 'chatron', 'chatte', 'chattement', 'chattemite', 'chattepeleuse', 'chattepelouse', 'chatteplouse', 'chatter', 'chatterie', 'déchatonner', 'enchatonnement', 'enchatonner', 'entrechat', 'greffier', 'Grippemaud', 'minet', 'mistigri', 'Raminagrobis', 'matou', '🐈', '😸', '😼', '😽', '🙀', 'ailurophile', 'ailurophobe', 'ailurophobie', 'ailourophobie', 'feuler', 'feulement', 'galéphobie', 'miauler', 'miaulement', 'ronronner', 'ronronnement', 'chat', 'chater', 'chattounette', 'Chaminette', 'Chat', 'félin', 'félinité', 'tchat', 'tchate', 'tchater']"
cardiaque,Adjectif,['Relatif au cœur.'],['Du latin cardiacus.'],"[['Du grec ancien καρδιακός, kardiakós, sur le même radical (→ voir cor), le latin a cordax et a refait cardiacus en cordiacus.'], ['Motdérivé de καρδία, kardía, avec le suffixe -ακός, -akós.'], ['De l’indo-européen commun *ḱḗr, qui a également donné हृदय hṛdaya en sanskrit, cor, cordis en latin, սիրտ sirt en arménien ancien, et heorte en anglo-saxon, heart en anglais.'], 'Cœur']","[{'form': 'καρδιαι', 'tags': ['plural', 'nominative'], 'article': 'αἱ'}, {'form': 'καρδιαι', 'tags': ['plural', 'vocative']}, {'form': 'καρδίαν', 'tags': ['singular', 'accusative'], 'article': 'τὴν'}, {'form': 'καρδίας', 'tags': ['plural', 'accusative'], 'article': 'τὰς'}, {'form': 'καρδίας', 'tags': ['singular', 'genitive'], 'article': 'τῆς'}, {'form': '{{{4}}}ῶν', 'tags': ['plural', 'genitive'], 'article': 'τῶν'}, {'form': 'καρδίαιν', 'tags': ['dual', 'genitive'], 'article': 'τοῖν'}, {'form': 'καρδίᾳ', 'tags': ['singular', 'dative'], 'article': 'τῇ'}, {'form': 'καρδίαις', 'tags': ['plural', 'dative'], 'article': 'ταῖς'}, {'form': 'καρδίαιν', 'tags': ['dual', 'dative'], 'article': 'τοῖν'}]","['intracardiaque', 'carditique', 'cardiaire', 'cardiaque', 'cardite', 'cœur']",['Derivation du grec ancien'],"['-ακός', 'καρδια-']",καρδια-,"[['καρδιακός', 'Relatif au cœur.'], ['καρδία', 'Cœur.']]",grec ancien,cardia-,"['cardiaque', 'carditique', 'cardiaire', 'cardiaque', 'cardite']"
locataire,Nom commun,"['Celui, celle qui occupe une maison ou une partie de maison à loyer.']",['Dérivé savant du latin locatum (« louer ») et -aire.'],['Supin de loco.'],[],"['colocataire', 'multilocataire', 'félicitation', 'féliciter', 'féliciteur', 'laudateur', 'laudatif', 'laudatrice', 'locataire', 'locateur', 'locatier', 'locatif', 'location', 'loquer', 'louable', 'louage', 'louageur', 'louange', 'louanger', 'louangette', 'louangeur', 'louangeuse', 'louer', 'loueur', 'loueuse', 'loué', 'loyer', 'relocation', 'reloquer', 'relouage', 'relouer']",['Suffixe'],"['locat-', 'lo-']",locat,"[['locatum', 'louer'], ['loco', 'lieu']]",latin,loc-,"['colocataire', 'multilocataire', 'location', 'loyer', 'relocation', 'reloquer', 'relouage', 'relouer', 'louer', 'loueur', 'loueuse', 'loué', 'loyer']"
plage,Nom commun,['Étendue de sable ou de galets bordant un plan d’eau.'],"['(Au sens d’étendue de terre, rive sablonneuse) Du latin plaga (« large étendue, région »).', '(Pour tous les autres sens : plage de musique, de valeurs, etc) De l’italien piaggia, lui-même du grec ancien πλάγιος, plágios (« oblique, qui n’est pas en ligne droite »).']",[],[],"['handiplage', 'plager', 'plageage', 'plagiste', 'grève', '🏖', 'berge', 'rivage', 'rive', 'plage', 'plagette', 'plagiat', 'plaginette']",[],['plag-'],plage,"[{'étymon': 'plaga', 'sens': 'large étendue, région'}, {'étymon': 'piaggia', 'sens': 'oblique, qui n’est pas en ligne droite'}, {'étymon': 'πλάγιος', 'sens': 'oblique, qui n’est pas en ligne droite'}]",latin,plage,"['handiplage', 'plager', 'plageage', 'plagiste', 'grève', '🏖', 'berge', 'rivage', 'rive', 'plage', 'plagette', 'plagiat', 'plaginette']"
divitisme,Nom commun,['Extrême richesse.'],"['Du latin dives (gén.: divitis), « riche », et du suffixe -isme.']","[['Le Dictionnaire étymologique latin\u202f^([1]) explique :', 'Dives signifie originairement « brillant », de là le sens de « riche ».', 'La forme contractée dis, ditis, existe en ancien latin et est demeurée en poésie. Le nom mythologique Dis désigne le dieu des enfers.', 'L’adjectif estdérivé de divum (« plein air, lumière »), avec le suffixe -es, comme ales de ala, et caeles de caelum. Lui sont apparentés deus (« dieu »), divus (« divin ») et dies (« jour »).', 'Pour une équivalence entre « riche » et « dieu », voyez :', 'le grec ancien Πλούτων, Ploútôn (« Pluton ») et πλοῦτος, ploútos (« richesse ») ;', 'le tchèque bůh (« dieu ») et bohatý (« riche »).'], ['Le Dictionnaire étymologique latin\u202f^([1]) explique :', 'Dives signifie originairement « brillant », de là le sens de « riche ».', 'La forme contractée dis, ditis, existe en ancien latin et est demeurée en poésie. Le nom mythologique Dis désigne le dieu des enfers.', 'L’adjectif estdérivé de divum (« plein air, lumière »), avec le suffixe -es, comme ales de ala, et caeles de caelum. Lui sont apparentés deus (« dieu »), divus (« divin ») et dies (« jour »).', 'Pour une équivalence entre « riche » et « dieu », voyez :', 'le grec ancien Πλούτων, Ploútôn (« Pluton ») et πλοῦτος, ploútos (« richesse ») ;', 'le tchèque bůh (« dieu ») et bohatý (« riche »).'], 'Riche, opulent, fécond, abondant.']","[{'form': 'divitēs', 'tags': ['plural', 'masculine', 'nominative']}, {'form': 'divitēs', 'tags': ['plural', 'feminine', 'nominative']}, {'form': 'divitia', 'tags': ['plural', 'neuter', 'nominative']}, {'form': 'divitēs', 'tags': ['plural', 'masculine', 'vocative']}, {'form': 'divitēs', 'tags': ['plural', 'feminine', 'vocative']}, {'form': 'divitia', 'tags': ['plural', 'neuter', 'vocative']}, {'form': 'divitem', 'tags': ['singular', 'masculine', 'accusative']}, {'form': 'divitem', 'tags': ['singular', 'feminine', 'accusative']}, {'form': 'divitēs', 'tags': ['plural', 'masculine', 'accusative']}, {'form': 'divitēs', 'tags': ['plural', 'feminine', 'accusative']}, {'form': 'divitia', 'tags': ['plural', 'neuter', 'accusative']}, {'form': 'divitis', 'tags': ['singular', 'masculine', 'genitive']}, {'form': 'divitis', 'tags': ['singular', 'feminine', 'genitive']}, {'form': 'divitis', 'tags': ['singular', 'neuter', 'genitive']}, {'form': 'divitium', 'tags': ['plural', 'masculine', 'genitive']}, {'form': 'divitium', 'tags': ['plural', 'feminine', 'genitive']}, {'form': 'divitium', 'tags': ['plural', 'neuter', 'genitive']}, {'form': 'divitī', 'tags': ['singular', 'masculine', 'dative']}, {'form': 'divitī', 'tags': ['singular', 'feminine', 'dative']}, {'form': 'divitī', 'tags': ['singular', 'neuter', 'dative']}, {'form': 'divitibus', 'tags': ['plural', 'masculine', 'dative']}, {'form': 'divitibus', 'tags': ['plural', 'feminine', 'dative']}, {'form': 'divitibus', 'tags': ['plural', 'neuter', 'dative']}, {'form': 'divitī', 'tags': ['singular', 'masculine', 'ablative']}, {'form': 'divitī', 'tags': ['singular', 'feminine', 'ablative']}, {'form': 'divitī', 'tags': ['singular', 'neuter', 'ablative']}, {'form': 'divitibus', 'tags': ['plural', 'masculine', 'ablative']}, {'form': 'divitibus', 'tags': ['plural', 'feminine', 'ablative']}, {'form': 'divitibus', 'tags': ['plural', 'neuter', 'ablative']}]","['paupérisme', 'divitiaire', 'divitisme', 'richard', 'riche', 'richesse', 'richissime', 'richissimité']",['Suffixation'],"['div-', 'dis-', 'dive-', 'div-']",div-,"[['divus', 'plein air, lumière'], ['dive', 'riche'], ['dis', 'riche'], ['dives', 'riche']]",latin,div-,"['paupérisme', 'divitiaire', 'richard', 'riche', 'richesse', 'richissime', 'richissimité']"
lectrice,Nom commun,"['Celle qui lit seule et silencieusement un livre, un journal, etc., pour son plaisir ou pour s’instruire.']",['Du latin lectrix (« celle qui lit »).'],"[['Déverbal de lego (« recueillir par les yeux, lire, expliquer »),dérivé de lectum, avec le suffixe -trix.'], 'Variante de lectus.']","[{'form': 'lecta', 'tags': ['plural', 'nominative']}, {'form': 'lecta', 'tags': ['plural', 'vocative']}, {'form': 'lecta', 'tags': ['plural', 'accusative']}, {'form': 'lectī', 'tags': ['singular', 'genitive']}, {'form': 'lectōrum', 'tags': ['plural', 'genitive']}, {'form': 'lectō', 'tags': ['singular', 'dative']}, {'form': 'lectīs', 'tags': ['plural', 'dative']}, {'form': 'lectō', 'tags': ['singular', 'ablative']}, {'form': 'lectīs', 'tags': ['plural', 'ablative']}, {'form': 'lēctum', 'tags': ['canonical']}]","['AL', 'audiolectrice', 'BL', 'rectrice', 'tectrice', 'vectrice', 'anagnoste', 'bouquineuse', 'récitante', 'conteuse', 'déclamatrice', 'autrice', 'écrivaine', 'lectorat', 'illisibilité', 'illisible', 'inlisible', 'inéligibilité', 'inéligible', 'lecteur', 'lecteurat', 'lectoral', 'lectorial', 'lectoriat', 'lectoriel', 'lectrice', 'lectural', 'lecture', 'lecturette', 'lecturier', 'lion', 'lionnette', 'lire', 'lisage', 'lisant', 'lisette', 'liseur', 'liseuse', 'lisibilité', 'lisible', 'lu', 'relecture', 'relire', 'relu', 'réélecter', 'réélection', 'rééligibilité', 'rééligible', 'réélire', 'réélu', 'électerat', 'électeur', 'électeurat', 'électif', 'élection', 'électivité', 'électoral', 'électoralisme', 'électoraliste', 'électoralitude', 'électorat', 'électrice', 'élider', 'éligibilité', 'éligible', 'élire', 'élision', 'élitaire', 'élite', 'élitique', 'élitisme', 'élitiste', 'élu', 'Lion', 'Lionnette']",['Déverbal'],"['lect-', 'trix']",lect-,"[['lect-', 'recueillir par les yeux, lire, expliquer'], ['lect-', 'recueillir par les yeux, lire, expliquer'], ['trix', 'féminin']]",latin,lect-,"['AL', 'audiolectrice', 'BL', 'rectrice', 'tectrice', 'vectrice', 'anagnoste', 'bouquineuse', 'récitante', 'conteuse', 'déclamatrice', 'autrice', 'écrivaine', 'lectorat', 'illisibilité', 'illisible', 'inlisible', 'inéligibilité', 'inéligible', 'lecteur', 'lecteurat', 'lectoral', 'lectorial', 'lectoriat', 'lectoriel', 'lectrice', 'lectural', 'lecture', 'lecturette', 'lecturier', 'lion', 'lionnette', 'lire', 'lisage', 'lisant', 'lisette', 'liseur', 'liseuse', 'lisibilité', 'lisible', 'lu', 'relecture', 'relire', 'relu', 'réélecter', 'réélection', 'rééligibilité', 'rééligible', 'réélire', 'réélu', 'électerat', 'électeur', 'électeurat', 'électif', 'élection', 'électivité', 'électoral', 'électoralisme', 'électoraliste', 'électoralitude', 'électorat', 'électrice', 'élider', 'éligibilité', 'éligible', 'élire', 'élision', 'élitaire', 'élite', 'élitique', 'élitisme', 'élitiste', 'élu', 'Lion', 'Lionnette']"
